Label,Description,Expression,DRIVEALONEFREE,DRIVEALONEPAY,SHARED2FREE,SHARED2PAY,SHARED3FREE,SHARED3PAY,WALK,BIKE,WALK_TRANSIT,DRIVE_TRANSIT,TAXI,TNC_SINGLE,TNC_SHARED
#,Drive alone no toll,,,,,,,,,,,,,,
util_DRIVEALONEFREE_Unavailable,DRIVEALONEFREE - Unavailable,sov_available == False,-999,,,,,,,,,,,,
util_DRIVEALONEFREE_Unavailable_for_zero_auto_households,DRIVEALONEFREE - Unavailable for zero auto households,auto_ownership == 0,-999,,,,,,,,,,,,
util_DRIVEALONEFREE_Unavailable_for_persons_less_than_16,DRIVEALONEFREE - Unavailable for persons less than 16,age < 16,-999,,,,,,,,,,,,
util_DRIVEALONEFREE_Unavailable_for_joint_tours,DRIVEALONEFREE - Unavailable for joint tours,is_joint == True,-999,,,,,,,,,,,,
util_DRIVEALONEFREE_Unavailable_if_didn't_drive_to_work,DRIVEALONEFREE - Unavailable if didn't drive to work,is_atwork_subtour & ~work_tour_is_SOV,-999,,,,,,,,,,,,
util_DRIVEALONEFREE_In_vehicle_time,DRIVEALONEFREE - In-vehicle time,@odt_skims['SOV_TIME'] + dot_skims['SOV_TIME'],coef_ivt,,,,,,,,,,,,
util_DRIVEALONEFREE_Terminal_time,DRIVEALONEFREE - Terminal time,@2 * walktimeshort_multiplier * df.terminal_time,coef_ivt,,,,,,,,,,,,
util_DRIVEALONEFREE_Operating_cost,DRIVEALONEFREE - Operating cost,@ivt_cost_multiplier * df.ivot * costPerMile * (odt_skims['SOV_DIST'] + dot_skims['SOV_DIST']),coef_ivt,,,,,,,,,,,,
util_DRIVEALONEFREE_Parking_cost,DRIVEALONEFREE - Parking cost,@ivt_cost_multiplier * df.ivot * df.daily_parking_cost,coef_ivt,,,,,,,,,,,,
util_DRIVEALONEFREE_Bridge_toll,DRIVEALONEFREE - Bridge toll,@ivt_cost_multiplier * df.ivot * (odt_skims['SOV_BTOLL'] + dot_skims['SOV_BTOLL']),coef_ivt,,,,,,,,,,,,
util_DRIVEALONEFREE_Person_is_between_16_and_19_years_old,DRIVEALONEFREE - Person is between 16 and 19 years old,@(df.age >= 16) & (df.age <= 19),coef_age1619_da_multiplier,,,,,,,,,,,,
#,Drive alone toll,,,,,,,,,,,,,,
util_DRIVEALONEPAY_Unavailable,DRIVEALONEPAY - Unavailable,sovtoll_available == False,,-999,,,,,,,,,,,
util_DRIVEALONEPAY_Unavailable_for_zero_auto_households,DRIVEALONEPAY - Unavailable for zero auto households,auto_ownership == 0,,-999,,,,,,,,,,,
util_DRIVEALONEPAY_Unavailable_for_persons_less_than_16,DRIVEALONEPAY - Unavailable for persons less than 16,age < 16,,-999,,,,,,,,,,,
util_DRIVEALONEPAY_Unavailable_for_joint_tours,DRIVEALONEPAY - Unavailable for joint tours,is_joint == True,,-999,,,,,,,,,,,
util_DRIVEALONEPAY_Unavailable_if_didn't_drive_to_work,DRIVEALONEPAY - Unavailable if didn't drive to work,is_atwork_subtour & ~work_tour_is_SOV,,-999,,,,,,,,,,,
util_DRIVEALONEPAY_In_vehicle_time,DRIVEALONEPAY - In-vehicle time,@odt_skims['SOVTOLL_TIME'] + dot_skims['SOVTOLL_TIME'],,coef_ivt,,,,,,,,,,,
util_DRIVEALONEPAY_Terminal_time,DRIVEALONEPAY - Terminal time,@2 * walktimeshort_multiplier * df.terminal_time,,coef_ivt,,,,,,,,,,,
util_DRIVEALONEPAY_Operating_cost,DRIVEALONEPAY - Operating cost,@ivt_cost_multiplier * df.ivot * costPerMile * (odt_skims['SOVTOLL_DIST'] + dot_skims['SOVTOLL_DIST']),,coef_ivt,,,,,,,,,,,
util_DRIVEALONEPAY_Parking_cost,DRIVEALONEPAY - Parking cost,@ivt_cost_multiplier * df.ivot * df.daily_parking_cost,,coef_ivt,,,,,,,,,,,
util_DRIVEALONEPAY_Bridge_toll,DRIVEALONEPAY - Bridge toll,@ivt_cost_multiplier * df.ivot * (odt_skims['SOVTOLL_BTOLL'] + dot_skims['SOVTOLL_BTOLL']),,coef_ivt,,,,,,,,,,,
util_DRIVEALONEPAY_Value_toll,DRIVEALONEPAY - Value toll,@ivt_cost_multiplier * df.ivot * (odt_skims['SOVTOLL_VTOLL'] + dot_skims['SOVTOLL_VTOLL']),,coef_ivt,,,,,,,,,,,
util_DRIVEALONEPAY_Person_is_between_16_and_19_years_old,DRIVEALONEPAY - Person is between 16 and 19 years old,@(df.age >= 16) & (df.age <= 19),,coef_age1619_da_multiplier,,,,,,,,,,,
#,Shared ride 2,,,,,,,,,,,,,,
util_SHARED2FREE_Unavailable,SHARED2FREE - Unavailable,hov2_available == False,,,-999,,,,,,,,,,
util_SHARED2FREE_Unavailable_based_on_party_size,SHARED2FREE - Unavailable based on party size,is_joint & (number_of_participants > 2),,,-999,,,,,,,,,,
util_SHARED2FREE_In_vehicle_time,SHARED2FREE - In-vehicle time,@(odt_skims['HOV2_TIME'] + dot_skims['HOV2_TIME']),,,coef_ivt,,,,,,,,,,
util_SHARED2FREE_Terminal_time,SHARED2FREE - Terminal time,@2 * walktimeshort_multiplier * df.terminal_time,,,coef_ivt,,,,,,,,,,
util_SHARED2FREE_Operating_cost,SHARED2FREE - Operating cost,@ivt_cost_multiplier * df.ivot * costPerMile * (odt_skims['HOV2_DIST'] + dot_skims['HOV2_DIST']),,,coef_ivt,,,,,,,,,,
util_SHARED2FREE_Parking_cost,SHARED2FREE - Parking cost,@ivt_cost_multiplier * df.ivot * df.daily_parking_cost / costShareSr2,,,coef_ivt,,,,,,,,,,
util_SHARED2FREE_Bridge_toll,SHARED2FREE - Bridge toll,@ivt_cost_multiplier * df.ivot * (odt_skims['HOV2_BTOLL'] + dot_skims['HOV2_BTOLL']) / costShareSr2,,,coef_ivt,,,,,,,,,,
util_SHARED2FREE_One_person_household,SHARED2FREE - One person household,@(df.hhsize == 1),,,coef_hhsize1_sr_multiplier,,,,,,,,,,
util_SHARED2FREE_Two_person_household,SHARED2FREE - Two person household,@(df.hhsize == 2),,,coef_hhsize2_sr_multiplier,,,,,,,,,,
util_SHARED2FREE_Person_is_16_years_old_or_older,SHARED2FREE - Person is 16 years old or older,@(df.age >= 16),,,coef_age16p_sr_multiplier,,,,,,,,,,
#,Shared ride 2 toll,,,,,,,,,,,,,,
util_SHARED2PAY_Unavailable,SHARED2PAY - Unavailable,hov2toll_available == False,,,,-999,,,,,,,,,
util_SHARED2PAY_Unavailable_based_on_party_size,SHARED2PAY - Unavailable based on party size,is_joint & (number_of_participants > 2),,,,-999,,,,,,,,,
util_SHARED2PAY_In_vehicle_time,SHARED2PAY - In-vehicle time,@(odt_skims['HOV2TOLL_TIME'] + dot_skims['HOV2TOLL_TIME']),,,,coef_ivt,,,,,,,,,
util_SHARED2PAY_Terminal_time,SHARED2PAY - Terminal time,@2 * walktimeshort_multiplier * df.terminal_time,,,,coef_ivt,,,,,,,,,
util_SHARED2PAY_Operating_cost,SHARED2PAY - Operating cost,@ivt_cost_multiplier * df.ivot * costPerMile * (odt_skims['HOV2TOLL_DIST'] + dot_skims['HOV2TOLL_DIST']),,,,coef_ivt,,,,,,,,,
util_SHARED2PAY_Parking_cost,SHARED2PAY - Parking cost,@ivt_cost_multiplier * df.ivot * df.daily_parking_cost / costShareSr2,,,,coef_ivt,,,,,,,,,
util_SHARED2PAY_Bridge_toll,SHARED2PAY - Bridge toll,@ivt_cost_multiplier * df.ivot * (odt_skims['HOV2TOLL_BTOLL'] + dot_skims['HOV2TOLL_BTOLL']) / costShareSr2,,,,coef_ivt,,,,,,,,,
util_SHARED2PAY_Value_toll,SHARED2PAY - Value toll,@ivt_cost_multiplier * df.ivot * (odt_skims['HOV2TOLL_VTOLL'] + dot_skims['HOV2TOLL_VTOLL']) / costShareSr2,,,,coef_ivt,,,,,,,,,
util_SHARED2PAY_One_person_household,SHARED2PAY - One person household,@(df.hhsize == 1),,,,coef_hhsize1_sr_multiplier,,,,,,,,,
util_SHARED2PAY_Two_person_household,SHARED2PAY - Two person household,@(df.hhsize == 2),,,,coef_hhsize2_sr_multiplier,,,,,,,,,
util_SHARED2PAY_Person_is_16_years_old_or_older,SHARED2PAY - Person is 16 years old or older,@(df.age >= 16),,,,coef_age16p_sr_multiplier,,,,,,,,,
#,Shared ride 3+,,,,,,,,,,,,,,
util_SHARED3FREE_Unavailable,SHARED3FREE - Unavailable,hov3_available == False,,,,,-999,,,,,,,,
util_SHARED3FREE_In_vehicle_time,SHARED3FREE - In-vehicle time,@(odt_skims['HOV3_TIME'] + dot_skims['HOV3_TIME']),,,,,coef_ivt,,,,,,,,
util_SHARED3FREE_Terminal_time,SHARED3FREE - Terminal time,@2 * walktimeshort_multiplier * df.terminal_time,,,,,coef_ivt,,,,,,,,
util_SHARED3FREE_Operating_cost,SHARED3FREE - Operating cost,@ivt_cost_multiplier * df.ivot * costPerMile * (odt_skims['HOV3_DIST'] + dot_skims['HOV3_DIST']),,,,,coef_ivt,,,,,,,,
util_SHARED3FREE_Parking_cost,SHARED3FREE - Parking cost,@ivt_cost_multiplier * df.ivot *  df.daily_parking_cost / costShareSr3,,,,,coef_ivt,,,,,,,,
util_SHARED3FREE_Bridge_toll,SHARED3FREE - Bridge toll,@ivt_cost_multiplier * df.ivot * (odt_skims['HOV3_BTOLL'] + dot_skims['HOV3_BTOLL']) / costShareSr3,,,,,coef_ivt,,,,,,,,
util_SHARED3FREE_One_person_household,SHARED3FREE - One person household,@(df.hhsize == 1),,,,,coef_hhsize1_sr_multiplier,,,,,,,,
util_SHARED3FREE_Two_person_household,SHARED3FREE - Two person household,@(df.hhsize == 2),,,,,coef_hhsize2_sr_multiplier,,,,,,,,
util_SHARED3FREE_Person_is_16_years_old_or_older,SHARED3FREE - Person is 16 years old or older,@(df.age >= 16),,,,,coef_age16p_sr_multiplier,,,,,,,,
#,Shared ride 3+ toll,,,,,,,,,,,,,,
util_SHARED3PAY_Unavailable,SHARED3PAY - Unavailable,hov3toll_available == False,,,,,,-999,,,,,,,
util_SHARED3PAY_In_vehicle_time,SHARED3PAY - In-vehicle time,@(odt_skims['HOV3TOLL_TIME'] + dot_skims['HOV3TOLL_TIME']),,,,,,coef_ivt,,,,,,,
util_SHARED3PAY_Terminal_time,SHARED3PAY - Terminal time,@2 * walktimeshort_multiplier * df.terminal_time,,,,,,coef_ivt,,,,,,,
util_SHARED3PAY_Operating_cost,SHARED3PAY - Operating cost,@ivt_cost_multiplier * df.ivot * costPerMile * (odt_skims['HOV3TOLL_DIST'] + dot_skims['HOV3TOLL_DIST']),,,,,,coef_ivt,,,,,,,
util_SHARED3PAY_Parking_cost,SHARED3PAY - Parking cost,@ivt_cost_multiplier * df.ivot * df.daily_parking_cost / costShareSr3,,,,,,coef_ivt,,,,,,,
util_SHARED3PAY_Bridge_toll,SHARED3PAY - Bridge toll,@ivt_cost_multiplier * df.ivot * (odt_skims['HOV3TOLL_BTOLL'] + dot_skims['HOV3TOLL_BTOLL']) / costShareSr3,,,,,,coef_ivt,,,,,,,
util_SHARED3PAY_Value_toll,SHARED3PAY - Value toll,@ivt_cost_multiplier * df.ivot * (odt_skims['HOV3TOLL_VTOLL'] + dot_skims['HOV3TOLL_VTOLL']) / costShareSr3,,,,,,coef_ivt,,,,,,,
util_SHARED3PAY_One_person_household,SHARED3PAY - One person household,@(df.hhsize == 1),,,,,,coef_hhsize1_sr_multiplier,,,,,,,
util_SHARED3PAY_Two_person_household,SHARED3PAY - Two person household,@(df.hhsize == 2),,,,,,coef_hhsize2_sr_multiplier,,,,,,,
util_SHARED3PAY_Person_is_16_years_old_or_older,SHARED3PAY - Person is 16 years old or older,@(df.age >= 16),,,,,,coef_age16p_sr_multiplier,,,,,,,
#,Walk,,,,,,,,,,,,,,
#,FIXME - skims aren't symmetrical,so we have to make sure they can get back,,,,,,,,,,,,,
util_WALK_Time_up_to_2_miles,WALK - Time up to 2 miles,@walktimeshort_multiplier * (od_skims['DISTWALK'].clip(upper=walkThresh) + od_skims.reverse('DISTWALK').clip(upper=walkThresh))*60/walkSpeed,,,,,,,coef_ivt,,,,,,
util_WALK_Time_beyond_2_of_a_miles,WALK - Time beyond 2 of a miles,@walktimelong_multiplier * ((od_skims['DISTWALK'] - walkThresh).clip(lower=0) + (od_skims.reverse('DISTWALK') - walkThresh).clip(lower=0))*60/walkSpeed,,,,,,,coef_ivt,,,,,,
util_WALK_Destination_zone_densityIndex,WALK - Destination zone densityIndex,@density_index_multiplier * df.density_index,,,,,,,coef_ivt,,,,,,
util_WALK_Topology,WALK - Topology,@coef_topology_walk_multiplier * df.dest_topology,,,,,,,coef_ivt,,,,,,
#,Bike,,,,,,,,,,,,,,
#,FIXME - skims aren't symmetrical,so we have to make sure they can get back,,,,,,,,,,,,,
util_BIKE_Unavailable_if_didn't_bike_to_work,BIKE - Unavailable if didn't bike to work,is_atwork_subtour & ~work_tour_is_bike,,,,,,,,-999,,,,,
util_BIKE_Time_up_to_6_miles,BIKE - Time up to 6 miles,@biketimeshort_multiplier * (od_skims['DISTBIKE'].clip(upper=bikeThresh) + od_skims.reverse('DISTBIKE').clip(upper=bikeThresh))*60/bikeSpeed,,,,,,,,coef_ivt,,,,,
util_BIKE_Time_beyond_6_of_a_miles,BIKE - Time beyond 6 of a miles,@biketimelong_multiplier * ((od_skims['DISTBIKE']-bikeThresh).clip(lower=0) + (od_skims.reverse('DISTBIKE')-bikeThresh).clip(lower=0))*60/bikeSpeed,,,,,,,,coef_ivt,,,,,
util_BIKE_Destination_zone_densityIndex,BIKE - Destination zone densityIndex,@density_index_multiplier * df.density_index,,,,,,,,coef_ivt,,,,,
util_BIKE_Topology,BIKE - Topology,@coef_topology_bike_multiplier * df.dest_topology,,,,,,,,coef_ivt,,,,,
#,Walk to Local,,,,,,,,,,,,,,
#util_WALK_TRANSIT_Unavailable,WALK_TRANSIT - Unavailable,walk_transit_available == False,,,,,,,,,-999,,,,
util_WALK_TRANSIT_Paths_logsums,WALK_TRANSIT - Path logsums,"@tvpb_logsum_odt['WTW'] + tvpb_logsum_dot['WTW']",,,,,,,,,coef_one,,,,
util_WALK_TRANSIT_Destination_zone_densityIndex,WALK_TRANSIT - Destination zone densityIndex,@density_index_multiplier * df.dest_density_index,,,,,,,,,coef_ivt,,,,
util_WALK_TRANSIT_Topology,WALK_TRANSIT - Topology,@coef_topology_trn_multiplier * df.dest_topology,,,,,,,,,coef_ivt,,,,
util_WALK_TRANSIT_Person_is_less_than_10_years_old,WALK_TRANSIT - Person is less than 10 years old,@(df.age <= 10),,,,,,,,,coef_age010_trn_multiplier,,,,
#,Drive to Local,,,,,,,,,,,,,,
#util_DRIVE_TRANSIT_Unavailable,DRIVE_TRANSIT - Unavailable,drive_transit_available == False,,,,,,,,,,-999,,,
util_DRIVE_TRANSIT_Unavailable_for_zero_auto_households,DRIVE_TRANSIT - Unavailable for zero auto households,auto_ownership == 0,,,,,,,,,,-999,,,
util_DRIVE_TRANSIT_Unavailable_for_persons_less_than_16,DRIVE_TRANSIT - Unavailable for persons less than 16,age < 16,,,,,,,,,,-999,,,
util_DRIVE_TRANSIT_Paths_logsums,DRIVE_TRANSIT - Path logsums,"@tvpb_logsum_odt['DTW'] + tvpb_logsum_dot['WTD']",,,,,,,,,,coef_one,,,
util_DRIVE_TRANSIT_Destination_zone_densityIndex,DRIVE_TRANSIT - Destination zone densityIndex,@density_index_multiplier * df.dest_density_index,,,,,,,,,,coef_ivt,,,
util_DRIVE_TRANSIT_Topology,DRIVE_TRANSIT - Topology,@coef_topology_trn_multiplier * df.dest_topology,,,,,,,,,,coef_ivt,,,
util_DRIVE_TRANSIT_Person_is_less_than_10_years_old,DRIVE_TRANSIT - Person is less than 10 years old,@(df.age < 10),,,,,,,,,,coef_age010_trn_multiplier,,,
#,Taxi,,,,,,,,,,,,,,
util_Taxi_In_vehicle_time,Taxi - In-vehicle time,@(odt_skims['HOV2TOLL_TIME'] + dot_skims['HOV2TOLL_TIME']),,,,,,,,,,,coef_ivt,,
#, FIXME magic constant 1.5,,,,,,,,,,,,,,
util_Taxi_Wait_time,Taxi - Wait time,@1.5 * df.totalWaitTaxi,,,,,,,,,,,coef_ivt,,
util_Taxi_Tolls,Taxi - Tolls,@ivt_cost_multiplier * df.ivot * (odt_skims['HOV2TOLL_VTOLL'] + dot_skims['HOV2TOLL_VTOLL']),,,,,,,,,,,coef_ivt,,
util_Taxi_Bridge_toll,Taxi - Bridge toll,@ivt_cost_multiplier * df.ivot * (odt_skims['HOV2TOLL_BTOLL'] + dot_skims['HOV2TOLL_BTOLL']),,,,,,,,,,,coef_ivt,,
util_Taxi_Fare,Taxi - Fare,@ivt_cost_multiplier * df.ivot * (Taxi_baseFare * 2 + (odt_skims['HOV2TOLL_DIST'] + dot_skims['HOV2TOLL_DIST']) * Taxi_costPerMile +(odt_skims['HOV2TOLL_TIME'] + dot_skims['HOV2TOLL_TIME']) * Taxi_costPerMinute)*100,,,,,,,,,,,coef_ivt,,
#,TNC Single,,,,,,,,,,,,,,
util_TNC_Single_In_vehicle_time,TNC Single - In-vehicle time,@(odt_skims['HOV2TOLL_TIME'] + dot_skims['HOV2TOLL_TIME']),,,,,,,,,,,,coef_ivt,
util_TNC_Single_Wait_time,TNC Single - Wait time,@1.5 * df.totalWaitSingleTNC,,,,,,,,,,,,coef_ivt,
util_TNC_Single_Tolls,TNC Single - Tolls,@ivt_cost_multiplier * df.ivot * (odt_skims['HOV2TOLL_VTOLL'] + dot_skims['HOV2TOLL_VTOLL']),,,,,,,,,,,,coef_ivt,
util_TNC_Single_Bridge_toll,TNC Single - Bridge toll,@ivt_cost_multiplier * df.ivot * (odt_skims['HOV2TOLL_BTOLL'] + odr_skims['HOV2TOLL_BTOLL'] + dot_skims['HOV2TOLL_BTOLL'] + dor_skims['HOV2TOLL_BTOLL']),,,,,,,,,,,,coef_ivt,
util_TNC_Single_Cost,TNC Single - Cost,"@ivt_cost_multiplier * df.ivot * np.maximum(TNC_single_baseFare * 2 + (odt_skims['HOV2TOLL_DIST'] + dot_skims['HOV2TOLL_DIST']) * TNC_single_costPerMile + (odt_skims['HOV2TOLL_TIME'] + dot_skims['HOV2TOLL_TIME']) * TNC_single_costPerMinute, TNC_single_costMinimum) * 100",,,,,,,,,,,,coef_ivt,
#,TNC Shared,,,,,,,,,,,,,,
util_TNC_Shared_In_vehicle_time,TNC Shared - In-vehicle time,@(odt_skims['HOV2TOLL_TIME'] + dot_skims['HOV2TOLL_TIME']) * TNC_shared_IVTFactor,,,,,,,,,,,,,coef_ivt
#, FIXME magic constant 1.5,,,,,,,,,,,,,,
util_TNC_Shared_Wait_time,TNC Shared - Wait time,@1.5 * df.totalWaitSharedTNC,,,,,,,,,,,,,coef_ivt
util_TNC_Shared_Tolls,TNC Shared - Tolls,@ivt_cost_multiplier * df.ivot * (odt_skims['HOV2TOLL_VTOLL'] + dot_skims['HOV2TOLL_VTOLL']),,,,,,,,,,,,,coef_ivt
util_TNC_Shared_Bridge_toll,TNC Shared - Bridge toll,@ivt_cost_multiplier * df.ivot * (odt_skims['HOV2TOLL_BTOLL'] + odr_skims['HOV2TOLL_BTOLL'] + dot_skims['HOV2TOLL_BTOLL'] + dor_skims['HOV2TOLL_BTOLL']),,,,,,,,,,,,,coef_ivt
util_TNC_Shared_Cost,TNC Shared - Cost,"@ivt_cost_multiplier * df.ivot * np.maximum(TNC_shared_baseFare * 2 + (odt_skims['HOV2TOLL_DIST'] + dot_skims['HOV2TOLL_DIST']) * TNC_shared_costPerMile + (odt_skims['HOV2TOLL_TIME'] + dot_skims['HOV2TOLL_TIME']) * TNC_shared_costPerMinute, TNC_shared_costMinimum) * 100",,,,,,,,,,,,,coef_ivt
#,indiv tour ASCs,,,,,,,,,,,,,,
util_Walk_ASC_Zero_auto,Walk ASC - Zero auto,@(df.is_indiv & (df.auto_ownership == 0)),,,,,,,walk_ASC_no_auto,,,,,,
util_Walk_ASC_Auto_deficient,Walk ASC - Auto deficient,@(df.is_indiv & (df.auto_ownership < df.num_workers) & (df.auto_ownership > 0)),,,,,,,walk_ASC_auto_deficient,,,,,,
util_Walk_ASC_Auto_sufficient,Walk ASC - Auto sufficient,@(df.is_indiv & (df.auto_ownership >= df.num_workers)),,,,,,,walk_ASC_auto_sufficient,,,,,,
util_Bike_ASC_Zero_auto,Bike ASC - Zero auto,@(df.is_indiv & (df.auto_ownership == 0)),,,,,,,,bike_ASC_no_auto,,,,,
util_Bike_ASC_Auto_deficient,Bike ASC - Auto deficient,@(df.is_indiv & (df.auto_ownership < df.num_workers) & (df.auto_ownership > 0)),,,,,,,,bike_ASC_auto_deficient,,,,,
util_Bike_ASC_Auto_sufficient,Bike ASC - Auto sufficient,@(df.is_indiv & (df.auto_ownership >= df.num_workers)),,,,,,,,bike_ASC_auto_sufficient,,,,,
util_Shared_ride_2_ASC_Zero_auto,Shared ride 2 ASC - Zero auto,@(df.is_indiv & (df.auto_ownership == 0)),,,sr2_ASC_no_auto,sr2_ASC_no_auto,,,,,,,,,
util_Shared_ride_2_ASC_Auto_deficient,Shared ride 2 ASC - Auto deficient,@(df.is_indiv & (df.auto_ownership < df.num_workers) & (df.auto_ownership > 0)),,,sr2_ASC_auto_deficient,sr2_ASC_auto_deficient,,,,,,,,,
util_Shared_ride_2_ASC_Auto_sufficient,Shared ride 2 ASC - Auto sufficient,@(df.is_indiv & (df.auto_ownership >= df.num_workers)),,,sr2_ASC_auto_sufficient,sr2_ASC_auto_sufficient,,,,,,,,,
util_Shared_ride_3p_Zero_auto,Shared ride 3+ - Zero auto,@(df.is_indiv & (df.auto_ownership == 0)),,,,,sr3p_ASC_no_auto,sr3p_ASC_no_auto,,,,,,,
util_Shared_ride_3p_Auto_deficient,Shared ride 3+ - Auto deficient,@(df.is_indiv & (df.auto_ownership < df.num_workers) & (df.auto_ownership > 0)),,,,,sr3p_ASC_auto_deficient,sr3p_ASC_auto_deficient,,,,,,,
util_Shared_ride_3p_Auto_sufficient,Shared ride 3+ - Auto sufficient,@(df.is_indiv & (df.auto_ownership >= df.num_workers)),,,,,sr3p_ASC_auto_sufficient,sr3p_ASC_auto_sufficient,,,,,,,
util_Walk_to_Transit_Zero_auto,Walk to Transit - Zero auto,@(df.is_indiv & (df.auto_ownership == 0)),,,,,,,,,walk_transit_ASC_no_auto,,,,
util_Walk_to_Transit_Auto_deficient,Walk to Transit - Auto deficient,@(df.is_indiv & (df.auto_ownership < df.num_workers) & (df.auto_ownership > 0)),,,,,,,,,walk_transit_ASC_auto_deficient,,,,
util_Walk_to_Transit_Auto_sufficient,Walk to Transit - Auto sufficient,@(df.is_indiv & (df.auto_ownership >= df.num_workers)),,,,,,,,,walk_transit_ASC_auto_sufficient,,,,
util_Drive_to_Transit_Zero_auto,Drive to Transit - Zero auto,@(df.is_indiv & (df.auto_ownership == 0)),,,,,,,,,,drive_transit_ASC_no_auto,,,
util_Drive_to_Transit_Auto_deficient,Drive to Transit - Auto deficient,@(df.is_indiv & (df.auto_ownership < df.num_workers) & (df.auto_ownership > 0)),,,,,,,,,,drive_transit_ASC_auto_deficient,,,
util_Drive_to_Transit_Auto_sufficient,Drive to Transit - Auto sufficient,@(df.is_indiv & (df.auto_ownership >= df.num_workers)),,,,,,,,,,drive_transit_ASC_auto_sufficient,,,
util_Taxi_Zero_auto,Taxi - Zero auto,@(df.is_indiv & (df.auto_ownership == 0)),,,,,,,,,,,taxi_ASC_no_auto,,
util_Taxi_Auto_deficient,Taxi - Auto deficient,@(df.is_indiv & (df.auto_ownership < df.num_workers) & (df.auto_ownership > 0)),,,,,,,,,,,taxi_ASC_auto_deficient,,
util_Taxi_Auto_sufficient,Taxi - Auto sufficient,@(df.is_indiv & (df.auto_ownership >= df.num_workers)),,,,,,,,,,,taxi_ASC_auto_sufficient,,
util_TNC_Single_Zero_auto,TNC Single - Zero auto,@(df.is_indiv & (df.auto_ownership == 0)),,,,,,,,,,,,tnc_single_ASC_no_auto,
util_TNC_Single_Auto_deficient,TNC Single - Auto deficient,@(df.is_indiv & (df.auto_ownership < df.num_workers) & (df.auto_ownership > 0)),,,,,,,,,,,,tnc_single_ASC_auto_deficient,
util_TNC_Single_Auto_sufficient,TNC Single - Auto sufficient,@(df.is_indiv & (df.auto_ownership >= df.num_workers)),,,,,,,,,,,,tnc_single_ASC_auto_sufficient,
util_TNC_Shared_Zero_auto,TNC Shared - Zero auto,@(df.is_indiv & (df.auto_ownership == 0)),,,,,,,,,,,,,tnc_shared_ASC_no_auto
util_TNC_Shared_Auto_deficient,TNC Shared - Auto deficient,@(df.is_indiv & (df.auto_ownership < df.num_workers) & (df.auto_ownership > 0)),,,,,,,,,,,,,tnc_shared_ASC_auto_deficient
util_TNC_Shared_Auto_sufficient,TNC Shared - Auto sufficient,@(df.is_indiv & (df.auto_ownership >= df.num_workers)),,,,,,,,,,,,,tnc_shared_ASC_auto_sufficient
#,joint tour ASCs,,,,,,,,,,,,,,
util_Joint_Walk_ASC_Zero_auto,Joint - Walk ASC - Zero auto,@(df.is_joint & (df.auto_ownership == 0)),,,,,,,joint_walk_ASC_no_auto,,,,,,
util_Joint_Walk_ASC_Auto_deficient,Joint - Walk ASC - Auto deficient,@(df.is_joint & (df.auto_ownership < df.num_workers) & (df.auto_ownership > 0)),,,,,,,joint_walk_ASC_auto_deficient,,,,,,
util_Joint_Walk_ASC_Auto_sufficient,Joint - Walk ASC - Auto sufficient,@(df.is_joint & (df.auto_ownership >= df.num_workers)),,,,,,,joint_walk_ASC_auto_sufficient,,,,,,
util_Joint_Bike_ASC_Zero_auto,Joint - Bike ASC - Zero auto,@(df.is_joint & (df.auto_ownership == 0)),,,,,,,,joint_bike_ASC_no_auto,,,,,
util_Joint_Bike_ASC_Auto_deficient,Joint - Bike ASC - Auto deficient,@(df.is_joint & (df.auto_ownership < df.num_workers) & (df.auto_ownership > 0)),,,,,,,,joint_bike_ASC_auto_deficient,,,,,
util_Joint_Bike_ASC_Auto_sufficient,Joint - Bike ASC - Auto sufficient,@(df.is_joint & (df.auto_ownership >= df.num_workers)),,,,,,,,joint_bike_ASC_auto_sufficient,,,,,
util_Joint_Shared_ride_2_ASC_Zero_auto,Joint - Shared ride 2 ASC - Zero auto,@(df.is_joint & (df.auto_ownership == 0)),,,joint_sr2_ASC_no_auto,joint_sr2_ASC_no_auto,,,,,,,,,
util_Joint_Shared_ride_2_ASC_Auto_deficient,Joint - Shared ride 2 ASC - Auto deficient,@(df.is_joint & (df.auto_ownership < df.num_workers) & (df.auto_ownership > 0)),,,joint_sr2_ASC_auto_deficient,joint_sr2_ASC_auto_deficient,,,,,,,,,
util_Joint_Shared_ride_2_ASC_Auto_sufficient,Joint - Shared ride 2 ASC - Auto sufficient,@(df.is_joint & (df.auto_ownership >= df.num_workers)),,,joint_sr2_ASC_auto_sufficient,joint_sr2_ASC_auto_sufficient,,,,,,,,,
util_Joint_Shared_ride_3p_Zero_auto,Joint - Shared ride 3+ - Zero auto,@(df.is_joint & (df.auto_ownership == 0)),,,,,joint_sr3p_ASC_no_auto,joint_sr3p_ASC_no_auto,,,,,,,
util_Joint_Shared_ride_3p_Auto_deficient,Joint - Shared ride 3+ - Auto deficient,@(df.is_joint & (df.auto_ownership < df.num_workers) & (df.auto_ownership > 0)),,,,,joint_sr3p_ASC_auto_deficient,joint_sr3p_ASC_auto_deficient,,,,,,,
util_Joint_Shared_ride_3p_Auto_sufficient,Joint - Shared ride 3+ - Auto sufficient,@(df.is_joint & (df.auto_ownership >= df.num_workers)),,,,,joint_sr3p_ASC_auto_sufficient,joint_sr3p_ASC_auto_sufficient,,,,,,,
util_Joint_Walk_to_Transit_Zero_auto,Joint - Walk to Transit - Zero auto,@(df.is_joint & (df.auto_ownership == 0)),,,,,,,,,joint_walk_transit_ASC_no_auto,,,,
util_Joint_Walk_to_Transit_Auto_deficient,Joint - Walk to Transit - Auto deficient,@(df.is_joint & (df.auto_ownership < df.num_workers) & (df.auto_ownership > 0)),,,,,,,,,joint_walk_transit_ASC_auto_deficient,,,,
util_Joint_Walk_to_Transit_Auto_sufficient,Joint - Walk to Transit - Auto sufficient,@(df.is_joint & (df.auto_ownership >= df.num_workers)),,,,,,,,,joint_walk_transit_ASC_auto_sufficient,,,,
util_Joint_Drive_to_Transit_Zero_auto,Joint - Drive to Transit - Zero auto,@(df.is_joint & (df.auto_ownership == 0)),,,,,,,,,,joint_drive_transit_ASC_no_auto,,,
util_Joint_Drive_to_Transit_Auto_deficient,Joint - Drive to Transit - Auto deficient,@(df.is_joint & (df.auto_ownership < df.num_workers) & (df.auto_ownership > 0)),,,,,,,,,,joint_drive_transit_ASC_auto_deficient,,,
util_Joint_Drive_to_Transit_Auto_sufficient,Joint - Drive to Transit - Auto sufficient,@(df.is_joint & (df.auto_ownership >= df.num_workers)),,,,,,,,,,joint_drive_transit_ASC_auto_sufficient,,,
util_Joint_Taxi_Zero_auto,Joint - Taxi - Zero auto,@(df.is_joint & (df.auto_ownership == 0)),,,,,,,,,,,joint_taxi_ASC_no_auto,,
util_Joint_Taxi_Auto_deficient,Joint - Taxi - Auto deficient,@(df.is_joint & (df.auto_ownership < df.num_workers) & (df.auto_ownership > 0)),,,,,,,,,,,joint_taxi_ASC_auto_deficient,,
util_Joint_Taxi_Auto_sufficient,Joint - Taxi - Auto sufficient,@(df.is_joint & (df.auto_ownership >= df.num_workers)),,,,,,,,,,,joint_taxi_ASC_auto_sufficient,,
util_Joint_TNC_Single_Zero_auto,Joint - TNC Single - Zero auto,@(df.is_joint & (df.auto_ownership == 0)),,,,,,,,,,,,joint_tnc_single_ASC_no_auto,
util_Joint_TNC_Single_Auto_deficient,Joint - TNC Single - Auto deficient,@(df.is_joint & (df.auto_ownership < df.num_workers) & (df.auto_ownership > 0)),,,,,,,,,,,,joint_tnc_single_ASC_auto_deficient,
util_Joint_TNC_Single_Auto_sufficient,Joint - TNC Single - Auto sufficient,@(df.is_joint & (df.auto_ownership >= df.num_workers)),,,,,,,,,,,,joint_tnc_single_ASC_auto_sufficient,
util_Joint_TNC_Shared_Zero_auto,Joint - TNC Shared - Zero auto,@(df.is_joint & (df.auto_ownership == 0)),,,,,,,,,,,,,joint_tnc_shared_ASC_no_auto
util_Joint_TNC_Shared_Auto_deficient,Joint - TNC Shared - Auto deficient,@(df.is_joint & (df.auto_ownership < df.num_workers) & (df.auto_ownership > 0)),,,,,,,,,,,,,joint_tnc_shared_ASC_auto_deficient
util_Joint_TNC_Shared_Auto_sufficient,Joint - TNC Shared - Auto sufficient,@(df.is_joint & (df.auto_ownership >= df.num_workers)),,,,,,,,,,,,,joint_tnc_shared_ASC_auto_sufficient
util_Local_bus_ASC,Local bus ASC,1,,,,,,,,,local_bus_ASC,local_bus_ASC,,,
#util_Walk_to_Light_Rail_ASC,Walk to Light Rail ASC,@(df.walk_ferry_available == False),,,,,,,,,,walk_light_rail_ASC,,,,,,,,,,,
#util_Drive_to_Light_Rail_ASC,Drive to Light Rail ASC,@(df.drive_ferry_available == False),,,,,,,,,,,,,,,drive_light_rail_ASC,,,,,,
#util_Walk_to_Ferry_ASC,Walk to Ferry ASC,@df.walk_ferry_available,,,,,,,,,,walk_ferry_ASC,,,,,,,,,,,
#util_Drive_to_Ferry_ASC,Drive to Ferry ASC,@df.drive_ferry_available,,,,,,,,,,,,,,,drive_ferry_ASC,,,,,,
#util_Express_Bus_ASC,Express Bus ASC,1,,,,,,,,,,,express_bus_ASC,,,,,express_bus_ASC,,,,,
#util_Heavy_Rail_ASC,Heavy Rail ASC,1,,,,,,,,,,,,heavy_rail_ASC,,,,,heavy_rail_ASC,,,,
#util_Commuter_Rail,Commuter Rail,1,,,,,,,,,,,,,commuter_rail_ASC,,,,,commuter_rail_ASC,,,
util_Walk_to_Transit_dest_CBD,Walk to Transit dest CBD,@df.destination_in_cbd,,,,,,,,,walk_transit_CBD_ASC,,,,
util_Drive_to_Transit_dest_CBD,Drive to Transit dest CBD,@df.destination_in_cbd,,,,,,,,,,drive_transit_CBD_ASC,,,
util_Drive_to_Transit_distance_penalty,Drive to Transit - distance penalty,@drvtrn_distpen_0_multiplier * (1-od_skims['DIST']/drvtrn_distpen_max).clip(lower=0),,,,,,,,,,coef_ivt,,,
#, FIXME - skims aren't symmetrical,so we have to make sure they can get back,,,,,,,,,,,,,
util_Walk_not_available_for_long_distances,Walk not available for long distances,@od_skims.max('DISTWALK') > 3,,,,,,,-999,,,,,,
util_Bike_not_available_for_long_distances,Bike not available for long distances,@od_skims.max('DISTBIKE') > 8,,,,,,,,-999,,,,,
util_Drive_alone_not_available_for_escort_tours,Drive alone not available for escort tours,is_escort,-999,-999,,,,,,,,,,,
#, max(c_densityIndexOrigin*originDensityIndex,originDensityIndexMax),,,,,,,,,1,1,,,
