Label,Description,Expression,DRIVEALONEFREE,DRIVEALONEPAY,SHARED2FREE,SHARED2PAY,SHARED3FREE,SHARED3PAY,WALK,BIKE,WALK_LOC,WALK_LRF,WALK_EXP,WALK_HVY,WALK_COM,DRIVE_LOC,DRIVE_LRF,DRIVE_EXP,DRIVE_HVY,DRIVE_COM,TAXI,TNC_SINGLE,TNC_SHARED
#,Drive alone no toll,,,,,,,,,,,,,,,,,,,,,,
util_DRIVEALONEFREE_Unavailable,DRIVEALONEFREE - Unavailable,sov_available == False,-999,,,,,,,,,,,,,,,,,,,,
util_DRIVEALONEFREE_Unavailable_for_zero_auto_households,DRIVEALONEFREE - Unavailable for zero auto households,auto_ownership == 0,-999,,,,,,,,,,,,,,,,,,,,
util_DRIVEALONEFREE_Unavailable_for_persons_less_than_16,DRIVEALONEFREE - Unavailable for persons less than 16,age < 16,-999,,,,,,,,,,,,,,,,,,,,
util_DRIVEALONEFREE_Unavailable_for_joint_tours,DRIVEALONEFREE - Unavailable for joint tours,is_joint == True,-999,,,,,,,,,,,,,,,,,,,,
util_DRIVEALONEFREE_Unavailable_if_didn't_drive_to_work,DRIVEALONEFREE - Unavailable if didn't drive to work,is_atwork_subtour & ~work_tour_is_SOV,-999,,,,,,,,,,,,,,,,,,,,
util_DRIVEALONEFREE_In_vehicle_time,DRIVEALONEFREE - In-vehicle time,@odt_skims['SOV_TIME'] + dot_skims['SOV_TIME'],coef_ivt,,,,,,,,,,,,,,,,,,,,
util_DRIVEALONEFREE_Terminal_time,DRIVEALONEFREE - Terminal time,@2 * walktimeshort_multiplier * df.terminal_time,coef_ivt,,,,,,,,,,,,,,,,,,,,
util_DRIVEALONEFREE_Operating_cost,DRIVEALONEFREE - Operating cost,@ivt_cost_multiplier * df.ivot * costPerMile * (odt_skims['SOV_DIST'] + dot_skims['SOV_DIST']),coef_ivt,,,,,,,,,,,,,,,,,,,,
util_DRIVEALONEFREE_Parking_cost,DRIVEALONEFREE - Parking cost,@ivt_cost_multiplier * df.ivot * df.daily_parking_cost,coef_ivt,,,,,,,,,,,,,,,,,,,,
util_DRIVEALONEFREE_Bridge_toll,DRIVEALONEFREE - Bridge toll,@ivt_cost_multiplier * df.ivot * (odt_skims['SOV_BTOLL'] + dot_skims['SOV_BTOLL']),coef_ivt,,,,,,,,,,,,,,,,,,,,
util_DRIVEALONEFREE_Person_is_between_16_and_19_years_old,DRIVEALONEFREE - Person is between 16 and 19 years old,@(df.age >= 16) & (df.age <= 19),coef_age1619_da_multiplier,,,,,,,,,,,,,,,,,,,,
#,Drive alone toll,,,,,,,,,,,,,,,,,,,,,,
util_DRIVEALONEPAY_Unavailable,DRIVEALONEPAY - Unavailable,sovtoll_available == False,,-999,,,,,,,,,,,,,,,,,,,
util_DRIVEALONEPAY_Unavailable_for_zero_auto_households,DRIVEALONEPAY - Unavailable for zero auto households,auto_ownership == 0,,-999,,,,,,,,,,,,,,,,,,,
util_DRIVEALONEPAY_Unavailable_for_persons_less_than_16,DRIVEALONEPAY - Unavailable for persons less than 16,age < 16,,-999,,,,,,,,,,,,,,,,,,,
util_DRIVEALONEPAY_Unavailable_for_joint_tours,DRIVEALONEPAY - Unavailable for joint tours,is_joint == True,,-999,,,,,,,,,,,,,,,,,,,
util_DRIVEALONEPAY_Unavailable_if_didn't_drive_to_work,DRIVEALONEPAY - Unavailable if didn't drive to work,is_atwork_subtour & ~work_tour_is_SOV,,-999,,,,,,,,,,,,,,,,,,,
util_DRIVEALONEPAY_In_vehicle_time,DRIVEALONEPAY - In-vehicle time,@odt_skims['SOVTOLL_TIME'] + dot_skims['SOVTOLL_TIME'],,coef_ivt,,,,,,,,,,,,,,,,,,,
util_DRIVEALONEPAY_Terminal_time,DRIVEALONEPAY - Terminal time,@2 * walktimeshort_multiplier * df.terminal_time,,coef_ivt,,,,,,,,,,,,,,,,,,,
util_DRIVEALONEPAY_Operating_cost,DRIVEALONEPAY - Operating cost,@ivt_cost_multiplier * df.ivot * costPerMile * (odt_skims['SOVTOLL_DIST'] + dot_skims['SOVTOLL_DIST']),,coef_ivt,,,,,,,,,,,,,,,,,,,
util_DRIVEALONEPAY_Parking_cost,DRIVEALONEPAY - Parking cost,@ivt_cost_multiplier * df.ivot * df.daily_parking_cost,,coef_ivt,,,,,,,,,,,,,,,,,,,
util_DRIVEALONEPAY_Bridge_toll,DRIVEALONEPAY - Bridge toll,@ivt_cost_multiplier * df.ivot * (odt_skims['SOVTOLL_BTOLL'] + dot_skims['SOVTOLL_BTOLL']),,coef_ivt,,,,,,,,,,,,,,,,,,,
util_DRIVEALONEPAY_Value_toll,DRIVEALONEPAY - Value toll,@ivt_cost_multiplier * df.ivot * (odt_skims['SOVTOLL_VTOLL'] + dot_skims['SOVTOLL_VTOLL']),,coef_ivt,,,,,,,,,,,,,,,,,,,
util_DRIVEALONEPAY_Person_is_between_16_and_19_years_old,DRIVEALONEPAY - Person is between 16 and 19 years old,@(df.age >= 16) & (df.age <= 19),,coef_age1619_da_multiplier,,,,,,,,,,,,,,,,,,,
#,Shared ride 2,,,,,,,,,,,,,,,,,,,,,,
util_SHARED2FREE_Unavailable,SHARED2FREE - Unavailable,hov2_available == False,,,-999,,,,,,,,,,,,,,,,,,
util_SHARED2FREE_Unavailable_based_on_party_size,SHARED2FREE - Unavailable based on party size,is_joint & (number_of_participants > 2),,,-999,,,,,,,,,,,,,,,,,,
util_SHARED2FREE_In_vehicle_time,SHARED2FREE - In-vehicle time,@(odt_skims['HOV2_TIME'] + dot_skims['HOV2_TIME']),,,coef_ivt,,,,,,,,,,,,,,,,,,
util_SHARED2FREE_Terminal_time,SHARED2FREE - Terminal time,@2 * walktimeshort_multiplier * df.terminal_time,,,coef_ivt,,,,,,,,,,,,,,,,,,
util_SHARED2FREE_Operating_cost,SHARED2FREE - Operating cost,@ivt_cost_multiplier * df.ivot * costPerMile * (odt_skims['HOV2_DIST'] + dot_skims['HOV2_DIST']),,,coef_ivt,,,,,,,,,,,,,,,,,,
util_SHARED2FREE_Parking_cost,SHARED2FREE - Parking cost,@ivt_cost_multiplier * df.ivot * df.daily_parking_cost / costShareSr2,,,coef_ivt,,,,,,,,,,,,,,,,,,
util_SHARED2FREE_Bridge_toll,SHARED2FREE - Bridge toll,@ivt_cost_multiplier * df.ivot * (odt_skims['HOV2_BTOLL'] + dot_skims['HOV2_BTOLL']) / costShareSr2,,,coef_ivt,,,,,,,,,,,,,,,,,,
util_SHARED2FREE_One_person_household,SHARED2FREE - One person household,@(df.hhsize == 1),,,coef_hhsize1_sr_multiplier,,,,,,,,,,,,,,,,,,
util_SHARED2FREE_Two_person_household,SHARED2FREE - Two person household,@(df.hhsize == 2),,,coef_hhsize2_sr_multiplier,,,,,,,,,,,,,,,,,,
util_SHARED2FREE_Person_is_16_years_old_or_older,SHARED2FREE - Person is 16 years old or older,@(df.age >= 16),,,coef_age16p_sr_multiplier,,,,,,,,,,,,,,,,,,
#,Shared ride 2 toll,,,,,,,,,,,,,,,,,,,,,,
util_SHARED2PAY_Unavailable,SHARED2PAY - Unavailable,hov2toll_available == False,,,,-999,,,,,,,,,,,,,,,,,
util_SHARED2PAY_Unavailable_based_on_party_size,SHARED2PAY - Unavailable based on party size,is_joint & (number_of_participants > 2),,,,-999,,,,,,,,,,,,,,,,,
util_SHARED2PAY_In_vehicle_time,SHARED2PAY - In-vehicle time,@(odt_skims['HOV2TOLL_TIME'] + dot_skims['HOV2TOLL_TIME']),,,,coef_ivt,,,,,,,,,,,,,,,,,
util_SHARED2PAY_Terminal_time,SHARED2PAY - Terminal time,@2 * walktimeshort_multiplier * df.terminal_time,,,,coef_ivt,,,,,,,,,,,,,,,,,
util_SHARED2PAY_Operating_cost,SHARED2PAY - Operating cost,@ivt_cost_multiplier * df.ivot * costPerMile * (odt_skims['HOV2TOLL_DIST'] + dot_skims['HOV2TOLL_DIST']),,,,coef_ivt,,,,,,,,,,,,,,,,,
util_SHARED2PAY_Parking_cost,SHARED2PAY - Parking cost,@ivt_cost_multiplier * df.ivot * df.daily_parking_cost / costShareSr2,,,,coef_ivt,,,,,,,,,,,,,,,,,
util_SHARED2PAY_Bridge_toll,SHARED2PAY - Bridge toll,@ivt_cost_multiplier * df.ivot * (odt_skims['HOV2TOLL_BTOLL'] + dot_skims['HOV2TOLL_BTOLL']) / costShareSr2,,,,coef_ivt,,,,,,,,,,,,,,,,,
util_SHARED2PAY_Value_toll,SHARED2PAY - Value toll,@ivt_cost_multiplier * df.ivot * (odt_skims['HOV2TOLL_VTOLL'] + dot_skims['HOV2TOLL_VTOLL']) / costShareSr2,,,,coef_ivt,,,,,,,,,,,,,,,,,
util_SHARED2PAY_One_person_household,SHARED2PAY - One person household,@(df.hhsize == 1),,,,coef_hhsize1_sr_multiplier,,,,,,,,,,,,,,,,,
util_SHARED2PAY_Two_person_household,SHARED2PAY - Two person household,@(df.hhsize == 2),,,,coef_hhsize2_sr_multiplier,,,,,,,,,,,,,,,,,
util_SHARED2PAY_Person_is_16_years_old_or_older,SHARED2PAY - Person is 16 years old or older,@(df.age >= 16),,,,coef_age16p_sr_multiplier,,,,,,,,,,,,,,,,,
#,Shared ride 3+,,,,,,,,,,,,,,,,,,,,,,
util_SHARED3FREE_Unavailable,SHARED3FREE - Unavailable,hov3_available == False,,,,,-999,,,,,,,,,,,,,,,,
util_SHARED3FREE_In_vehicle_time,SHARED3FREE - In-vehicle time,@(odt_skims['HOV3_TIME'] + dot_skims['HOV3_TIME']),,,,,coef_ivt,,,,,,,,,,,,,,,,
util_SHARED3FREE_Terminal_time,SHARED3FREE - Terminal time,@2 * walktimeshort_multiplier * df.terminal_time,,,,,coef_ivt,,,,,,,,,,,,,,,,
util_SHARED3FREE_Operating_cost,SHARED3FREE - Operating cost,@ivt_cost_multiplier * df.ivot * costPerMile * (odt_skims['HOV3_DIST'] + dot_skims['HOV3_DIST']),,,,,coef_ivt,,,,,,,,,,,,,,,,
util_SHARED3FREE_Parking_cost,SHARED3FREE - Parking cost,@ivt_cost_multiplier * df.ivot *  df.daily_parking_cost / costShareSr3,,,,,coef_ivt,,,,,,,,,,,,,,,,
util_SHARED3FREE_Bridge_toll,SHARED3FREE - Bridge toll,@ivt_cost_multiplier * df.ivot * (odt_skims['HOV3_BTOLL'] + dot_skims['HOV3_BTOLL']) / costShareSr3,,,,,coef_ivt,,,,,,,,,,,,,,,,
util_SHARED3FREE_One_person_household,SHARED3FREE - One person household,@(df.hhsize == 1),,,,,coef_hhsize1_sr_multiplier,,,,,,,,,,,,,,,,
util_SHARED3FREE_Two_person_household,SHARED3FREE - Two person household,@(df.hhsize == 2),,,,,coef_hhsize2_sr_multiplier,,,,,,,,,,,,,,,,
util_SHARED3FREE_Person_is_16_years_old_or_older,SHARED3FREE - Person is 16 years old or older,@(df.age >= 16),,,,,coef_age16p_sr_multiplier,,,,,,,,,,,,,,,,
#,Shared ride 3+ toll,,,,,,,,,,,,,,,,,,,,,,
util_SHARED3PAY_Unavailable,SHARED3PAY - Unavailable,hov3toll_available == False,,,,,,-999,,,,,,,,,,,,,,,
util_SHARED3PAY_In_vehicle_time,SHARED3PAY - In-vehicle time,@(odt_skims['HOV3TOLL_TIME'] + dot_skims['HOV3TOLL_TIME']),,,,,,coef_ivt,,,,,,,,,,,,,,,
util_SHARED3PAY_Terminal_time,SHARED3PAY - Terminal time,@2 * walktimeshort_multiplier * df.terminal_time,,,,,,coef_ivt,,,,,,,,,,,,,,,
util_SHARED3PAY_Operating_cost,SHARED3PAY - Operating cost,@ivt_cost_multiplier * df.ivot * costPerMile * (odt_skims['HOV3TOLL_DIST'] + dot_skims['HOV3TOLL_DIST']),,,,,,coef_ivt,,,,,,,,,,,,,,,
util_SHARED3PAY_Parking_cost,SHARED3PAY - Parking cost,@ivt_cost_multiplier * df.ivot * df.daily_parking_cost / costShareSr3,,,,,,coef_ivt,,,,,,,,,,,,,,,
util_SHARED3PAY_Bridge_toll,SHARED3PAY - Bridge toll,@ivt_cost_multiplier * df.ivot * (odt_skims['HOV3TOLL_BTOLL'] + dot_skims['HOV3TOLL_BTOLL']) / costShareSr3,,,,,,coef_ivt,,,,,,,,,,,,,,,
util_SHARED3PAY_Value_toll,SHARED3PAY - Value toll,@ivt_cost_multiplier * df.ivot * (odt_skims['HOV3TOLL_VTOLL'] + dot_skims['HOV3TOLL_VTOLL']) / costShareSr3,,,,,,coef_ivt,,,,,,,,,,,,,,,
util_SHARED3PAY_One_person_household,SHARED3PAY - One person household,@(df.hhsize == 1),,,,,,coef_hhsize1_sr_multiplier,,,,,,,,,,,,,,,
util_SHARED3PAY_Two_person_household,SHARED3PAY - Two person household,@(df.hhsize == 2),,,,,,coef_hhsize2_sr_multiplier,,,,,,,,,,,,,,,
util_SHARED3PAY_Person_is_16_years_old_or_older,SHARED3PAY - Person is 16 years old or older,@(df.age >= 16),,,,,,coef_age16p_sr_multiplier,,,,,,,,,,,,,,,
#,Walk,,,,,,,,,,,,,,,,,,,,,,
#,FIXME - skims aren't symmetrical,so we have to make sure they can get back,,,,,,,,,,,,,,,,,,,,,
util_WALK_Time_up_to_2_miles,WALK - Time up to 2 miles,@walktimeshort_multiplier * (od_skims['DISTWALK'].clip(upper=walkThresh) + od_skims.reverse('DISTWALK').clip(upper=walkThresh))*60/walkSpeed,,,,,,,coef_ivt,,,,,,,,,,,,,,
util_WALK_Time_beyond_2_of_a_miles,WALK - Time beyond 2 of a miles,@walktimelong_multiplier * ((od_skims['DISTWALK'] - walkThresh).clip(lower=0) + (od_skims.reverse('DISTWALK') - walkThresh).clip(lower=0))*60/walkSpeed,,,,,,,coef_ivt,,,,,,,,,,,,,,
util_WALK_Destination_zone_densityIndex,WALK - Destination zone densityIndex,@density_index_multiplier * df.density_index,,,,,,,coef_ivt,,,,,,,,,,,,,,
util_WALK_Topology,WALK - Topology,@coef_topology_walk_multiplier * df.dest_topology,,,,,,,coef_ivt,,,,,,,,,,,,,,
#,Bike,,,,,,,,,,,,,,,,,,,,,,
#,FIXME - skims aren't symmetrical,so we have to make sure they can get back,,,,,,,,,,,,,,,,,,,,,
util_BIKE_Unavailable_if_didn't_bike_to_work,BIKE - Unavailable if didn't bike to work,is_atwork_subtour & ~work_tour_is_bike,,,,,,,,-999,,,,,,,,,,,,,
util_BIKE_Time_up_to_6_miles,BIKE - Time up to 6 miles,@biketimeshort_multiplier * (od_skims['DISTBIKE'].clip(upper=bikeThresh) + od_skims.reverse('DISTBIKE').clip(upper=bikeThresh))*60/bikeSpeed,,,,,,,,coef_ivt,,,,,,,,,,,,,
util_BIKE_Time_beyond_6_of_a_miles,BIKE - Time beyond 6 of a miles,@biketimelong_multiplier * ((od_skims['DISTBIKE']-bikeThresh).clip(lower=0) + (od_skims.reverse('DISTBIKE')-bikeThresh).clip(lower=0))*60/bikeSpeed,,,,,,,,coef_ivt,,,,,,,,,,,,,
util_BIKE_Destination_zone_densityIndex,BIKE - Destination zone densityIndex,@density_index_multiplier * df.density_index,,,,,,,,coef_ivt,,,,,,,,,,,,,
util_BIKE_Topology,BIKE - Topology,@coef_topology_bike_multiplier * df.dest_topology,,,,,,,,coef_ivt,,,,,,,,,,,,,
#,Walk to Local,,,,,,,,,,,,,,,,,,,,,,
util_WALK_LOC_Unavailable,WALK_LOC - Unavailable,walk_local_available == False,,,,,,,,,-999,,,,,,,,,,,,
util_WALK_LOC_In_vehicle_time,WALK_LOC - In-vehicle time,@(odt_skims['WLK_LOC_WLK_TOTIVT']/100 + dot_skims['WLK_LOC_WLK_TOTIVT']/100),,,,,,,,,coef_ivt,,,,,,,,,,,,
util_WALK_LOC_Short_iwait_time,WALK_LOC - Short iwait time,@short_i_wait_multiplier * ((odt_skims['WLK_LOC_WLK_IWAIT']/100).clip(upper=waitThresh) + (dot_skims['WLK_LOC_WLK_IWAIT']/100).clip(upper=waitThresh)),,,,,,,,,coef_ivt,,,,,,,,,,,,
util_WALK_LOC_Long_iwait_time,WALK_LOC - Long iwait time,@long_i_wait_multiplier * ((odt_skims['WLK_LOC_WLK_IWAIT']/100-waitThresh).clip(0) + (dot_skims['WLK_LOC_WLK_IWAIT']/100-waitThresh).clip(0)),,,,,,,,,coef_ivt,,,,,,,,,,,,
util_WALK_LOC_transfer_wait_time,WALK_LOC - transfer wait time,@xwait_multiplier * (odt_skims['WLK_LOC_WLK_XWAIT']/100 + dot_skims['WLK_LOC_WLK_XWAIT']/100),,,,,,,,,coef_ivt,,,,,,,,,,,,
util_WALK_LOC_number_of_transfers,WALK_LOC - number of transfers,@xfers_wlk_multiplier * ((odt_skims['WLK_LOC_WLK_BOARDS']-1).clip(0) + (dot_skims['WLK_LOC_WLK_BOARDS']-1).clip(0)),,,,,,,,,coef_ivt,,,,,,,,,,,,
util_WALK_LOC_Walk_access_time,WALK_LOC - Walk access time,@2 * wacc_multiplier * df.origin_walk_time,,,,,,,,,coef_ivt,,,,,,,,,,,,
util_WALK_LOC_Walk_egress_time,WALK_LOC - Walk egress time,@2 * wegr_multiplier * df.destination_walk_time,,,,,,,,,coef_ivt,,,,,,,,,,,,
util_WALK_LOC_Walk_other_time,WALK_LOC - Walk other time,@waux_multiplier * (odt_skims['WLK_LOC_WLK_WAUX']/100 + dot_skims['WLK_LOC_WLK_WAUX']/100),,,,,,,,,coef_ivt,,,,,,,,,,,,
util_WALK_LOC_Fare,WALK_LOC - Fare,@ivt_cost_multiplier * df.ivot * (odt_skims['WLK_LOC_WLK_FAR'] + dot_skims['WLK_LOC_WLK_FAR']),,,,,,,,,coef_ivt,,,,,,,,,,,,
util_WALK_LOC_Destination_zone_densityIndex,WALK_LOC - Destination zone densityIndex,@density_index_multiplier * df.dest_density_index,,,,,,,,,coef_ivt,,,,,,,,,,,,
util_WALK_LOC_Topology,WALK_LOC - Topology,@coef_topology_trn_multiplier * df.dest_topology,,,,,,,,,coef_ivt,,,,,,,,,,,,
util_WALK_LOC_Person_is_less_than_10_years_old,WALK_LOC - Person is less than 10 years old,@(df.age <= 10),,,,,,,,,coef_age010_trn_multiplier,,,,,,,,,,,,
#,Walk to Light rail/Ferry,,,,,,,,,,,,,,,,,,,,,,
util_WALK_LRF_Unavailable,WALK_LRF - Unavailable,walk_lrf_available == False,,,,,,,,,,-999,,,,,,,,,,,
util_WALK_LRF_In_vehicle_time,WALK_LRF - In-vehicle time,@(odt_skims['WLK_LRF_WLK_TOTIVT']/100 + dot_skims['WLK_LRF_WLK_TOTIVT']/100),,,,,,,,,,coef_ivt,,,,,,,,,,,
#, FIXME coefficients below are wrong or needlessly complex? could be re-expressed to avoid subtract?,,,,,,,,,,,,,,,,,,,,,,
util_WALK_LRF_In_vehicle_time_on_Light_Rail,WALK_LRF - In-vehicle time on Light Rail (incremental w/ ivt),@(ivt_lrt_multiplier-1)*(odt_skims['WLK_LRF_WLK_KEYIVT']/100 + dot_skims['WLK_LRF_WLK_KEYIVT']/100),,,,,,,,,,coef_ivt,,,,,,,,,,,
util_WALK_LRF_In_vehicle_time_on_Ferry,WALK_LRF - In-vehicle time on Ferry (incremental w/keyivt),@(ivt_ferry_multiplier-ivt_lrt_multiplier)*(odt_skims['WLK_LRF_WLK_FERRYIVT']/100 + dot_skims['WLK_LRF_WLK_FERRYIVT']/100),,,,,,,,,,coef_ivt,,,,,,,,,,,
util_WALK_LRF_Short_iwait_time,WALK_LRF - Short iwait time,@short_i_wait_multiplier * ((odt_skims['WLK_LRF_WLK_IWAIT']/100).clip(upper=waitThresh) + (dot_skims['WLK_LRF_WLK_IWAIT']/100).clip(upper=waitThresh)),,,,,,,,,,coef_ivt,,,,,,,,,,,
util_WALK_LRF_Long_iwait_time,WALK_LRF - Long iwait time,@long_i_wait_multiplier * ((odt_skims['WLK_LRF_WLK_IWAIT']/100-waitThresh).clip(0) + (dot_skims['WLK_LRF_WLK_IWAIT']/100-waitThresh).clip(0)),,,,,,,,,,coef_ivt,,,,,,,,,,,
util_WALK_LRF_transfer_wait_time,WALK_LRF - transfer wait time,@xwait_multiplier * (odt_skims['WLK_LRF_WLK_XWAIT']/100 + dot_skims['WLK_LRF_WLK_XWAIT']/100),,,,,,,,,,coef_ivt,,,,,,,,,,,
util_WALK_LRF_number_of_transfers,WALK_LRF - number of transfers,@xfers_wlk_multiplier * ((odt_skims['WLK_LRF_WLK_BOARDS']-1).clip(0) + (dot_skims['WLK_LRF_WLK_BOARDS']-1).clip(0)),,,,,,,,,,coef_ivt,,,,,,,,,,,
util_WALK_LRF_Walk_access_time,WALK_LRF - Walk access time,@2 * wacc_multiplier * df.origin_walk_time,,,,,,,,,,coef_ivt,,,,,,,,,,,
util_WALK_LRF_Walk_egress_time,WALK_LRF - Walk egress time,@2 * wegr_multiplier * df.destination_walk_time,,,,,,,,,,coef_ivt,,,,,,,,,,,
util_WALK_LRF_Walk_other_time,WALK_LRF - Walk other time,@waux_multiplier * (odt_skims['WLK_LRF_WLK_WAUX']/100 + dot_skims['WLK_LRF_WLK_WAUX']/100),,,,,,,,,,coef_ivt,,,,,,,,,,,
util_WALK_LRF_Fare,WALK_LRF - Fare,@ivt_cost_multiplier * df.ivot * (odt_skims['WLK_LRF_WLK_FAR'] + dot_skims['WLK_LRF_WLK_FAR']),,,,,,,,,,coef_ivt,,,,,,,,,,,
util_WALK_LRF_Destination_zone_densityIndex,WALK_LRF - Destination zone densityIndex,@density_index_multiplier * df.dest_density_index,,,,,,,,,,coef_ivt,,,,,,,,,,,
util_WALK_LRF_Topology,WALK_LRF - Topology,@coef_topology_trn_multiplier * df.dest_topology,,,,,,,,,,coef_ivt,,,,,,,,,,,
util_WALK_LRF_Person_is_less_than_10_years_old,WALK_LRF - Person is less than 10 years old,@(df.age <= 10),,,,,,,,,,coef_age010_trn_multiplier,,,,,,,,,,,
#,Walk to Express bus,,,,,,,,,,,,,,,,,,,,,,
util_WALK_EXP_Unavailable,WALK_EXP - Unavailable,walk_express_available == False,,,,,,,,,,,-999,,,,,,,,,,
util_WALK_EXP_In_vehicle_time,WALK_EXP - In-vehicle time,@(odt_skims['WLK_EXP_WLK_TOTIVT']/100 + dot_skims['WLK_EXP_WLK_TOTIVT']/100),,,,,,,,,,,coef_ivt,,,,,,,,,,
util_WALK_EXP_In_vehicle_time_on_Express_bus,WALK_EXP - In-vehicle time on Express bus (incremental w/ ivt),@(ivt_exp_multiplier - 1)*(odt_skims['WLK_EXP_WLK_KEYIVT']/100 + dot_skims['WLK_EXP_WLK_KEYIVT']/100),,,,,,,,,,,coef_ivt,,,,,,,,,,
util_WALK_EXP_Short_iwait_time,WALK_EXP - Short iwait time,@short_i_wait_multiplier * ((odt_skims['WLK_EXP_WLK_IWAIT']/100).clip(upper=waitThresh) + (dot_skims['WLK_EXP_WLK_IWAIT']/100).clip(upper=waitThresh)),,,,,,,,,,,coef_ivt,,,,,,,,,,
util_WALK_EXP_Long_iwait_time,WALK_EXP - Long iwait time,@long_i_wait_multiplier * ((odt_skims['WLK_EXP_WLK_IWAIT']/100-waitThresh).clip(0) + (dot_skims['WLK_EXP_WLK_IWAIT']/100-waitThresh).clip(0)),,,,,,,,,,,coef_ivt,,,,,,,,,,
util_WALK_EXP_transfer_wait_time,WALK_EXP - transfer wait time,@xwait_multiplier * (odt_skims['WLK_EXP_WLK_XWAIT']/100 + dot_skims['WLK_EXP_WLK_XWAIT']/100),,,,,,,,,,,coef_ivt,,,,,,,,,,
util_WALK_EXP_number_of_transfers,WALK_EXP - number of transfers,@xfers_wlk_multiplier * ((odt_skims['WLK_EXP_WLK_BOARDS']-1).clip(0) + (dot_skims['WLK_EXP_WLK_BOARDS']-1).clip(0)),,,,,,,,,,,coef_ivt,,,,,,,,,,
util_WALK_EXP_Walk_access_time,WALK_EXP - Walk access time,@2 * wacc_multiplier * df.origin_walk_time,,,,,,,,,,,coef_ivt,,,,,,,,,,
util_WALK_EXP_Walk_egress_time,WALK_EXP - Walk egress time,@2 * wegr_multiplier * df.destination_walk_time,,,,,,,,,,,coef_ivt,,,,,,,,,,
util_WALK_EXP_Walk_other_time,WALK_EXP - Walk other time,@waux_multiplier * (odt_skims['WLK_EXP_WLK_WAUX']/100 + dot_skims['WLK_EXP_WLK_WAUX']/100),,,,,,,,,,,coef_ivt,,,,,,,,,,
util_WALK_EXP_Fare,WALK_EXP - Fare,@ivt_cost_multiplier * df.ivot * (odt_skims['WLK_EXP_WLK_FAR'] + dot_skims['WLK_EXP_WLK_FAR']),,,,,,,,,,,coef_ivt,,,,,,,,,,
util_WALK_EXP_Destination_zone_densityIndex,WALK_EXP - Destination zone densityIndex,@density_index_multiplier * df.dest_density_index,,,,,,,,,,,coef_ivt,,,,,,,,,,
util_WALK_EXP_Topology,WALK_EXP - Topology,@coef_topology_trn_multiplier * df.dest_topology,,,,,,,,,,,coef_ivt,,,,,,,,,,
util_WALK_EXP_Person_is_less_than_10_years_old,WALK_EXP - Person is less than 10 years old,@(df.age <= 10),,,,,,,,,,,coef_age010_trn_multiplier,,,,,,,,,,
#,Walk to Heavy Rail,,,,,,,,,,,,,,,,,,,,,,
util_WALK_HVY_Unavailable,WALK_HVY - Unavailable,walk_heavyrail_available == False,,,,,,,,,,,,-999,,,,,,,,,
util_WALK_HVY_In_vehicle_time,WALK_HVY - In-vehicle time,@(odt_skims['WLK_HVY_WLK_TOTIVT']/100 + dot_skims['WLK_HVY_WLK_TOTIVT']/100),,,,,,,,,,,,coef_ivt,,,,,,,,,
util_WALK_HVY_In_vehicle_time_on_heavy_rail,WALK_HVY - In-vehicle time on heavy rail (incremental w/ ivt),@(ivt_hvy_multiplier-1) * (odt_skims['WLK_HVY_WLK_KEYIVT']/100 + dot_skims['WLK_HVY_WLK_KEYIVT']/100),,,,,,,,,,,,coef_ivt,,,,,,,,,
util_WALK_HVY_Short_iwait_time,WALK_HVY - Short iwait time,@short_i_wait_multiplier * ((odt_skims['WLK_HVY_WLK_IWAIT']/100).clip(upper=waitThresh) + (dot_skims['WLK_HVY_WLK_IWAIT']/100).clip(upper=waitThresh)),,,,,,,,,,,,coef_ivt,,,,,,,,,
util_WALK_HVY_Long_iwait_time,WALK_HVY - Long iwait time,@long_i_wait_multiplier * ((odt_skims['WLK_HVY_WLK_IWAIT']/100-waitThresh).clip(0) + (dot_skims['WLK_HVY_WLK_IWAIT']/100-waitThresh).clip(0)),,,,,,,,,,,,coef_ivt,,,,,,,,,
util_WALK_HVY_transfer_wait_time,WALK_HVY - transfer wait time,@xwait_multiplier * (odt_skims['WLK_HVY_WLK_XWAIT']/100 + dot_skims['WLK_HVY_WLK_XWAIT']/100),,,,,,,,,,,,coef_ivt,,,,,,,,,
util_WALK_HVY_number_of_transfers,WALK_HVY - number of transfers,@xfers_wlk_multiplier * ((odt_skims['WLK_HVY_WLK_BOARDS']-1).clip(0) + (dot_skims['WLK_HVY_WLK_BOARDS']-1).clip(0)),,,,,,,,,,,,coef_ivt,,,,,,,,,
util_WALK_HVY_Walk_access_time,WALK_HVY - Walk access time,@2 * wacc_multiplier * df.origin_walk_time,,,,,,,,,,,,coef_ivt,,,,,,,,,
util_WALK_HVY_Walk_egress_time,WALK_HVY - Walk egress time,@wegr_multiplier * 2 *df.destination_walk_time,,,,,,,,,,,,coef_ivt,,,,,,,,,
util_WALK_HVY_Walk_other_time,WALK_HVY - Walk other time,@waux_multiplier * (odt_skims['WLK_HVY_WLK_WAUX']/100 + dot_skims['WLK_HVY_WLK_WAUX']/100),,,,,,,,,,,,coef_ivt,,,,,,,,,
util_WALK_HVY_Fare,WALK_HVY - Fare,@ivt_cost_multiplier * df.ivot * (odt_skims['WLK_HVY_WLK_FAR'] + dot_skims['WLK_HVY_WLK_FAR']),,,,,,,,,,,,coef_ivt,,,,,,,,,
util_WALK_HVY_Destination_zone_densityIndex,WALK_HVY - Destination zone densityIndex,@density_index_multiplier * df.dest_density_index,,,,,,,,,,,,coef_ivt,,,,,,,,,
util_WALK_HVY_Topology,WALK_HVY - Topology,@coef_topology_trn_multiplier * df.dest_topology,,,,,,,,,,,,coef_ivt,,,,,,,,,
util_WALK_HVY_Person_is_less_than_10_years_old,WALK_HVY - Person is less than 10 years old,@(df.age <= 10),,,,,,,,,,,,coef_age010_trn_multiplier,,,,,,,,,
#,Walk to Commuter rail,,,,,,,,,,,,,,,,,,,,,,
util_WALK_COM_Unavailable,WALK_COM - Unavailable,walk_commuter_available == False,,,,,,,,,,,,,-999,,,,,,,,
util_WALK_COM_In_vehicle_time,WALK_COM - In-vehicle time,@(odt_skims['WLK_COM_WLK_TOTIVT']/100 + dot_skims['WLK_COM_WLK_TOTIVT']/100),,,,,,,,,,,,,coef_ivt,,,,,,,,
util_WALK_COM_In_vehicle_time_on_commuter_rail,WALK_COM - In-vehicle time on commuter rail (incremental w/ ivt),@(ivt_com_multiplier - 1) * (odt_skims['WLK_COM_WLK_KEYIVT']/100 + dot_skims['WLK_COM_WLK_KEYIVT']/100),,,,,,,,,,,,,coef_ivt,,,,,,,,
util_WALK_COM_Short_iwait_time,WALK_COM - Short iwait time,@short_i_wait_multiplier * ((odt_skims['WLK_COM_WLK_IWAIT']/100).clip(upper=waitThresh) + (dot_skims['WLK_COM_WLK_IWAIT']/100).clip(upper=waitThresh)),,,,,,,,,,,,,coef_ivt,,,,,,,,
util_WALK_COM_Long_iwait_time,WALK_COM - Long iwait time,@long_i_wait_multiplier * ((odt_skims['WLK_COM_WLK_IWAIT']/100-waitThresh).clip(0) + (dot_skims['WLK_COM_WLK_IWAIT']/100-waitThresh).clip(0)),,,,,,,,,,,,,coef_ivt,,,,,,,,
util_WALK_COM_transfer_wait_time,WALK_COM - transfer wait time,@xwait_multiplier * (odt_skims['WLK_COM_WLK_XWAIT']/100 + dot_skims['WLK_COM_WLK_XWAIT']/100),,,,,,,,,,,,,coef_ivt,,,,,,,,
util_WALK_COM_number_of_transfers,WALK_COM - number of transfers,@xfers_wlk_multiplier * ((odt_skims['WLK_COM_WLK_BOARDS']-1).clip(0) + (dot_skims['WLK_COM_WLK_BOARDS']-1).clip(0)),,,,,,,,,,,,,coef_ivt,,,,,,,,
util_WALK_COM_Walk_access_time,WALK_COM - Walk access time,@2 * wacc_multiplier * df.origin_walk_time,,,,,,,,,,,,,coef_ivt,,,,,,,,
util_WALK_COM_Walk_egress_time,WALK_COM - Walk egress time,@2 * wegr_multiplier * df.destination_walk_time,,,,,,,,,,,,,coef_ivt,,,,,,,,
util_WALK_COM_Walk_other_time,WALK_COM - Walk other time,@waux_multiplier * (odt_skims['WLK_COM_WLK_WAUX']/100 + dot_skims['WLK_COM_WLK_WAUX']/100),,,,,,,,,,,,,coef_ivt,,,,,,,,
util_WALK_COM_Fare,WALK_COM - Fare,@ivt_cost_multiplier * df.ivot * (odt_skims['WLK_COM_WLK_FAR'] + dot_skims['WLK_COM_WLK_FAR']),,,,,,,,,,,,,coef_ivt,,,,,,,,
util_WALK_COM_Destination_zone_densityIndex,WALK_COM - Destination zone densityIndex,@density_index_multiplier * df.dest_density_index,,,,,,,,,,,,,coef_ivt,,,,,,,,
util_WALK_COM_Topology,WALK_COM - Topology,@coef_topology_trn_multiplier * df.dest_topology,,,,,,,,,,,,,coef_ivt,,,,,,,,
util_WALK_COM_Person_is_less_than_10_years_old,WALK_COM - Person is less than 10 years old,@(df.age < 10),,,,,,,,,,,,,coef_age010_trn_multiplier,,,,,,,,
#,Drive to Local,,,,,,,,,,,,,,,,,,,,,,
util_DRIVE_LOC_Unavailable,DRIVE_LOC - Unavailable,drive_local_available == False,,,,,,,,,,,,,,-999,,,,,,,
util_DRIVE_LOC_Unavailable_for_zero_auto_households,DRIVE_LOC - Unavailable for zero auto households,auto_ownership == 0,,,,,,,,,,,,,,-999,,,,,,,
util_DRIVE_LOC_Unavailable_for_persons_less_than_16,DRIVE_LOC - Unavailable for persons less than 16,age < 16,,,,,,,,,,,,,,-999,,,,,,,
util_DRIVE_LOC_In_vehicle_time,DRIVE_LOC - In-vehicle time,@(odt_skims['DRV_LOC_WLK_TOTIVT']/100 + dot_skims['WLK_LOC_DRV_TOTIVT']/100),,,,,,,,,,,,,,coef_ivt,,,,,,,
util_DRIVE_LOC_Short_iwait_time,DRIVE_LOC - Short iwait time,@short_i_wait_multiplier * ((odt_skims['DRV_LOC_WLK_IWAIT']/100).clip(upper=waitThresh) + (dot_skims['WLK_LOC_DRV_IWAIT']/100).clip(upper=waitThresh)),,,,,,,,,,,,,,coef_ivt,,,,,,,
util_DRIVE_LOC_Long_iwait_time,DRIVE_LOC - Long iwait time,@long_i_wait_multiplier * ((odt_skims['DRV_LOC_WLK_IWAIT']/100-waitThresh).clip(0) + (dot_skims['WLK_LOC_DRV_IWAIT']/100-waitThresh).clip(0)),,,,,,,,,,,,,,coef_ivt,,,,,,,
util_DRIVE_LOC_transfer_wait_time,DRIVE_LOC - transfer wait time,@xwait_multiplier * (odt_skims['DRV_LOC_WLK_XWAIT']/100 + dot_skims['WLK_LOC_DRV_XWAIT']/100),,,,,,,,,,,,,,coef_ivt,,,,,,,
util_DRIVE_LOC_number_of_transfers,DRIVE_LOC - number of transfers,@xfers_wlk_multiplier * ((odt_skims['DRV_LOC_WLK_BOARDS']-1).clip(0) + (dot_skims['WLK_LOC_DRV_BOARDS']-1).clip(0)),,,,,,,,,,,,,,coef_ivt,,,,,,,
util_DRIVE_LOC_Drive_time,DRIVE_LOC - Drive time,@dtim_multiplier * (odt_skims['DRV_LOC_WLK_DTIM']/100 + dot_skims['WLK_LOC_DRV_DTIM']/100),,,,,,,,,,,,,,coef_ivt,,,,,,,
util_DRIVE_LOC_Walk_access_time,DRIVE_LOC - Walk access time,@wacc_multiplier * df.destination_walk_time,,,,,,,,,,,,,,coef_ivt,,,,,,,
util_DRIVE_LOC_Walk_egress_time,DRIVE_LOC - Walk egress time (at attraction end),@wegr_multiplier * df.destination_walk_time,,,,,,,,,,,,,,coef_ivt,,,,,,,
util_DRIVE_LOC_Walk_other_time,DRIVE_LOC - Walk other time,@waux_multiplier * (odt_skims['DRV_LOC_WLK_WAUX']/100 + dot_skims['WLK_LOC_DRV_WAUX']/100),,,,,,,,,,,,,,coef_ivt,,,,,,,
util_DRIVE_LOC_Fare_and_operating_cost,DRIVE_LOC - Fare and operating cost,@ivt_cost_multiplier * df.ivot * ((odt_skims['DRV_LOC_WLK_FAR'] + dot_skims['WLK_LOC_DRV_FAR']) + ((odt_skims['DRV_LOC_WLK_DDIST']/100+dot_skims['WLK_LOC_DRV_DDIST']/100) * costPerMile)),,,,,,,,,,,,,,coef_ivt,,,,,,,
util_DRIVE_LOC_Ratio_of_drive_access_distance_to_OD_distance,DRIVE_LOC - Ratio of drive access distance to OD distance,@dacc_ratio * ((odt_skims['DRV_LOC_WLK_DDIST']/100+ dot_skims['WLK_LOC_DRV_DDIST']/100)/ (od_skims['DIST']*2)),,,,,,,,,,,,,,1,,,,,,,
util_DRIVE_LOC_Destination_zone_densityIndex,DRIVE_LOC - Destination zone densityIndex,@density_index_multiplier * df.dest_density_index,,,,,,,,,,,,,,coef_ivt,,,,,,,
util_DRIVE_LOC_Topology,DRIVE_LOC - Topology,@coef_topology_trn_multiplier * df.dest_topology,,,,,,,,,,,,,,coef_ivt,,,,,,,
util_DRIVE_LOC_Person_is_less_than_10_years_old,DRIVE_LOC - Person is less than 10 years old,@(df.age < 10),,,,,,,,,,,,,,coef_age010_trn_multiplier,,,,,,,
#,Drive to Light Rail/Ferry,,,,,,,,,,,,,,,,,,,,,,
util_DRIVE_LRF_Unavailable,DRIVE_LRF - Unavailable,drive_lrf_available == False,,,,,,,,,,,,,,,-999,,,,,,
util_DRIVE_LRF_Unavailable_for_zero_auto_households,DRIVE_LRF - Unavailable for zero auto households,auto_ownership == 0,,,,,,,,,,,,,,,-999,,,,,,
util_DRIVE_LRF_Unavailable_for_persons_less_than_16,DRIVE_LRF - Unavailable for persons less than 16,age < 16,,,,,,,,,,,,,,,-999,,,,,,
util_DRIVE_LRF_In_vehicle_time,DRIVE_LRF - In-vehicle time,@(odt_skims['DRV_LRF_WLK_TOTIVT']/100 + dot_skims['WLK_LRF_DRV_TOTIVT']/100),,,,,,,,,,,,,,,coef_ivt,,,,,,
util_DRIVE_LRF_In_vehicle_time_on_Light_Rail,DRIVE_LRF - In-vehicle time on Light Rail (incremental w/ ivt),@(ivt_lrt_multiplier-1) * (odt_skims['DRV_LRF_WLK_KEYIVT']/100 + dot_skims['WLK_LRF_DRV_KEYIVT']/100),,,,,,,,,,,,,,,coef_ivt,,,,,,
util_DRIVE_LRF_In_vehicle_time_on_Ferry,DRIVE_LRF - In-vehicle time on Ferry (incremental w/ keyivt),@(ivt_ferry_multiplier-ivt_lrt_multiplier)*(odt_skims['DRV_LRF_WLK_FERRYIVT']/100 + dot_skims['WLK_LRF_DRV_FERRYIVT']/100),,,,,,,,,,,,,,,coef_ivt,,,,,,
util_DRIVE_LRF_Short_iwait_time,DRIVE_LRF - Short iwait time,@short_i_wait_multiplier * ((odt_skims['DRV_LRF_WLK_IWAIT']/100).clip(upper=waitThresh) + (dot_skims['WLK_LRF_DRV_IWAIT']/100).clip(upper=waitThresh)),,,,,,,,,,,,,,,coef_ivt,,,,,,
util_DRIVE_LRF_Long_iwait_time,DRIVE_LRF - Long iwait time,@long_i_wait_multiplier * ((odt_skims['DRV_LRF_WLK_IWAIT']/100-waitThresh).clip(0) + (dot_skims['WLK_LRF_DRV_IWAIT']/100-waitThresh).clip(0)),,,,,,,,,,,,,,,coef_ivt,,,,,,
util_DRIVE_LRF_transfer_wait_time,DRIVE_LRF - transfer wait time,@xwait_multiplier * (odt_skims['DRV_LRF_WLK_XWAIT']/100 + dot_skims['WLK_LRF_DRV_XWAIT']/100),,,,,,,,,,,,,,,coef_ivt,,,,,,
util_DRIVE_LRF_number_of_transfers,DRIVE_LRF - number of transfers,@xfers_drv_multiplier * ((odt_skims['DRV_LRF_WLK_BOARDS']-1).clip(0) + (dot_skims['WLK_LRF_DRV_BOARDS']-1).clip(0)),,,,,,,,,,,,,,,coef_ivt,,,,,,
util_DRIVE_LRF_Drive_time,DRIVE_LRF - Drive time,@dtim_multiplier * (odt_skims['DRV_LRF_WLK_DTIM']/100 + dot_skims['WLK_LRF_DRV_DTIM']/100),,,,,,,,,,,,,,,coef_ivt,,,,,,
util_DRIVE_LRF_Walk_access_time,DRIVE_LRF - Walk access time (at attraction end),@wacc_multiplier * df.destination_walk_time,,,,,,,,,,,,,,,coef_ivt,,,,,,
util_DRIVE_LRF_Walk_egress_time,DRIVE_LRF - Walk egress time (at attraction end),@wegr_multiplier * df.destination_walk_time,,,,,,,,,,,,,,,coef_ivt,,,,,,
util_DRIVE_LRF_Walk_other_time,DRIVE_LRF - Walk other time,@waux_multiplier * (odt_skims['DRV_LRF_WLK_WAUX']/100 + dot_skims['WLK_LRF_DRV_WAUX']/100),,,,,,,,,,,,,,,coef_ivt,,,,,,
util_DRIVE_LRF_Fare_and_operating_cost,DRIVE_LRF - Fare and operating cost,@ivt_cost_multiplier * df.ivot * ((odt_skims['DRV_LRF_WLK_FAR']+dot_skims['WLK_LRF_DRV_FAR']) + ((odt_skims['DRV_LRF_WLK_DDIST']/100+dot_skims['WLK_LRF_DRV_DDIST']/100) *costPerMile)),,,,,,,,,,,,,,,coef_ivt,,,,,,
util_DRIVE_LRF_Ratio_of_drive_access_distance_to_OD_distance,DRIVE_LRF - Ratio of drive access distance to OD distance,@dacc_ratio * ((odt_skims['DRV_LRF_WLK_DDIST']/100+ dot_skims['WLK_LRF_DRV_DDIST']/100)/ (od_skims['DIST']*2)),,,,,,,,,,,,,,,1,,,,,,
util_DRIVE_LRF_Destination_zone_densityIndex,DRIVE_LRF - Destination zone densityIndex,@density_index_multiplier * df.dest_density_index,,,,,,,,,,,,,,,coef_ivt,,,,,,
util_DRIVE_LRF_Topology,DRIVE_LRF - Topology,@coef_topology_trn_multiplier * df.dest_topology,,,,,,,,,,,,,,,coef_ivt,,,,,,
util_DRIVE_LRF_Person_is_less_than_10_years_old,DRIVE_LRF - Person is less than 10 years old,@(df.age < 10),,,,,,,,,,,,,,,coef_age010_trn_multiplier,,,,,,
#,Drive to Express bus,,,,,,,,,,,,,,,,,,,,,,
util_DRIVE_EXP_Unavailable,DRIVE_EXP - Unavailable,drive_express_available == False,,,,,,,,,,,,,,,,-999,,,,,
util_DRIVE_EXP_Unavailable_for_zero_auto_households,DRIVE_EXP - Unavailable for zero auto households,auto_ownership == 0,,,,,,,,,,,,,,,,-999,,,,,
util_DRIVE_EXP_Unavailable_for_persons_less_than_16,DRIVE_EXP - Unavailable for persons less than 16,age < 16,,,,,,,,,,,,,,,,-999,,,,,
util_DRIVE_EXP_In_vehicle_time,DRIVE_EXP - In-vehicle time,@(odt_skims['DRV_EXP_WLK_TOTIVT']/100 + dot_skims['WLK_EXP_DRV_TOTIVT']/100),,,,,,,,,,,,,,,,coef_ivt,,,,,
util_DRIVE_EXP_In_vehicle_time_on_Express_bus,DRIVE_EXP - In-vehicle time on Express bus (incremental w/ ivt),@(ivt_exp_multiplier-1) * (odt_skims['DRV_EXP_WLK_KEYIVT']/100 + dot_skims['WLK_EXP_DRV_KEYIVT']/100),,,,,,,,,,,,,,,,coef_ivt,,,,,
util_DRIVE_EXP_Short_iwait_time,DRIVE_EXP - Short iwait time,@short_i_wait_multiplier * ((odt_skims['DRV_EXP_WLK_IWAIT']/100).clip(upper=waitThresh) + (dot_skims['WLK_EXP_DRV_IWAIT']/100).clip(upper=waitThresh)),,,,,,,,,,,,,,,,coef_ivt,,,,,
util_DRIVE_EXP_Long_iwait_time,DRIVE_EXP - Long iwait time,@long_i_wait_multiplier * ((odt_skims['DRV_EXP_WLK_IWAIT']/100-waitThresh).clip(0) + (dot_skims['WLK_EXP_DRV_IWAIT']/100-waitThresh).clip(0)),,,,,,,,,,,,,,,,coef_ivt,,,,,
util_DRIVE_EXP_transfer_wait_time,DRIVE_EXP - transfer wait time,@xwait_multiplier * (odt_skims['DRV_EXP_WLK_XWAIT']/100 + dot_skims['WLK_EXP_DRV_XWAIT']/100),,,,,,,,,,,,,,,,coef_ivt,,,,,
util_DRIVE_EXP_number_of_transfers,DRIVE_EXP - number of transfers,@xfers_drv_multiplier * ((odt_skims['DRV_EXP_WLK_BOARDS']-1).clip(0) + (dot_skims['WLK_EXP_DRV_BOARDS']-1).clip(0)),,,,,,,,,,,,,,,,coef_ivt,,,,,
util_DRIVE_EXP_Drive_time,DRIVE_EXP - Drive time,@dtim_multiplier * (odt_skims['DRV_EXP_WLK_DTIM']/100 + dot_skims['WLK_EXP_DRV_DTIM']/100),,,,,,,,,,,,,,,,coef_ivt,,,,,
util_DRIVE_EXP_Walk_access_time,DRIVE_EXP - Walk access time (at attraction end),@wacc_multiplier * df.destination_walk_time,,,,,,,,,,,,,,,,coef_ivt,,,,,
util_DRIVE_EXP_Walk_egress_ime,DRIVE_EXP - Walk egress ime (at attraction end),@wegr_multiplier * df.destination_walk_time,,,,,,,,,,,,,,,,coef_ivt,,,,,
util_DRIVE_EXP_Walk_other_time,DRIVE_EXP - Walk other time,@waux_multiplier * (odt_skims['DRV_EXP_WLK_WAUX']/100 + dot_skims['WLK_EXP_DRV_WAUX']/100),,,,,,,,,,,,,,,,coef_ivt,,,,,
util_DRIVE_EXP_Fare_and_operating_cost,DRIVE_EXP - Fare and operating cost,@ivt_cost_multiplier * df.ivot * ((odt_skims['DRV_EXP_WLK_FAR']+dot_skims['WLK_EXP_DRV_FAR']) + ((odt_skims['DRV_EXP_WLK_DDIST']/100+dot_skims['WLK_EXP_DRV_DDIST']/100) *costPerMile)),,,,,,,,,,,,,,,,coef_ivt,,,,,
util_DRIVE_EXP_Ratio_of_drive_access_distance_to_OD_distance,DRIVE_EXP - Ratio of drive access distance to OD distance,@dacc_ratio * ((odt_skims['DRV_EXP_WLK_DDIST']/100+ dot_skims['WLK_EXP_DRV_DDIST']/100)/ (od_skims['DIST']*2)),,,,,,,,,,,,,,,,1,,,,,
util_DRIVE_EXP_Destination_zone_densityIndex,DRIVE_EXP - Destination zone densityIndex,@density_index_multiplier * df.dest_density_index,,,,,,,,,,,,,,,,coef_ivt,,,,,
util_DRIVE_EXP_Topology,DRIVE_EXP - Topology,@coef_topology_trn_multiplier * df.dest_topology,,,,,,,,,,,,,,,,coef_ivt,,,,,
util_DRIVE_EXP_Person_is_less_than_10_years_old,DRIVE_EXP - Person is less than 10 years old,@(df.age < 10),,,,,,,,,,,,,,,,coef_age010_trn_multiplier,,,,,
#,Drive to Heavy Rail,,,,,,,,,,,,,,,,,,,,,,
util_DRIVE_HVY_Unavailable,DRIVE_HVY - Unavailable,drive_heavyrail_available == False,,,,,,,,,,,,,,,,,-999,,,,
util_DRIVE_HVY_Unavailable_for_zero_auto_households,DRIVE_HVY - Unavailable for zero auto households,auto_ownership == 0,,,,,,,,,,,,,,,,,-999,,,,
util_DRIVE_HVY_Unavailable_for_persons_less_than_16,DRIVE_HVY - Unavailable for persons less than 16,age < 16,,,,,,,,,,,,,,,,,-999,,,,
util_DRIVE_HVY_In_vehicle_time,DRIVE_HVY - In-vehicle time,@(odt_skims['DRV_HVY_WLK_TOTIVT']/100 + dot_skims['WLK_HVY_DRV_TOTIVT']/100),,,,,,,,,,,,,,,,,coef_ivt,,,,
util_DRIVE_HVY_In_vehicle_time_on_heavy_rail,DRIVE_HVY - In-vehicle time on heavy rail (incremental w/ ivt),@(ivt_hvy_multiplier-1) * (odt_skims['DRV_HVY_WLK_KEYIVT']/100 + dot_skims['WLK_HVY_DRV_KEYIVT']/100),,,,,,,,,,,,,,,,,coef_ivt,,,,
util_DRIVE_HVY_Short_iwait_time,DRIVE_HVY - Short iwait time,@short_i_wait_multiplier * ((odt_skims['DRV_HVY_WLK_IWAIT']/100).clip(upper=waitThresh) + (dot_skims['WLK_HVY_DRV_IWAIT']/100).clip(upper=waitThresh)),,,,,,,,,,,,,,,,,coef_ivt,,,,
util_DRIVE_HVY_Long_iwait_time,DRIVE_HVY - Long iwait time,@long_i_wait_multiplier * ((odt_skims['DRV_HVY_WLK_IWAIT']/100-waitThresh).clip(0) + (dot_skims['WLK_HVY_DRV_IWAIT']/100-waitThresh).clip(0)),,,,,,,,,,,,,,,,,coef_ivt,,,,
util_DRIVE_HVY_transfer_wait_time,DRIVE_HVY - transfer wait time,@xwait_multiplier * (odt_skims['DRV_HVY_WLK_XWAIT']/100 + dot_skims['WLK_HVY_DRV_XWAIT']/100),,,,,,,,,,,,,,,,,coef_ivt,,,,
util_DRIVE_HVY_number_of_transfers,DRIVE_HVY - number of transfers,@xfers_drv_multiplier * ((odt_skims['DRV_HVY_WLK_BOARDS']-1).clip(0) + (dot_skims['WLK_HVY_DRV_BOARDS']-1).clip(0)),,,,,,,,,,,,,,,,,coef_ivt,,,,
util_DRIVE_HVY_Drive_time,DRIVE_HVY - Drive time,@dtim_multiplier * (odt_skims['DRV_HVY_WLK_DTIM']/100 + dot_skims['WLK_HVY_DRV_DTIM']/100),,,,,,,,,,,,,,,,,coef_ivt,,,,
util_DRIVE_HVY_Walk_access_time,DRIVE_HVY - Walk access time (at attraction end),@wacc_multiplier * df.destination_walk_time,,,,,,,,,,,,,,,,,coef_ivt,,,,
util_DRIVE_HVY_Walk_egress_time,DRIVE_HVY - Walk egress time (at attraction end),@wegr_multiplier * df.destination_walk_time,,,,,,,,,,,,,,,,,coef_ivt,,,,
util_DRIVE_HVY_Walk_other_time,DRIVE_HVY - Walk other time,@waux_multiplier * (odt_skims['DRV_HVY_WLK_WAUX']/100 + dot_skims['WLK_HVY_DRV_WAUX']/100),,,,,,,,,,,,,,,,,coef_ivt,,,,
util_DRIVE_HVY_Fare_and_operating_cost,DRIVE_HVY - Fare and operating cost,@ivt_cost_multiplier * df.ivot * ((odt_skims['DRV_HVY_WLK_FAR']+dot_skims['WLK_HVY_DRV_FAR']) + ((odt_skims['DRV_HVY_WLK_DDIST']/100+dot_skims['WLK_HVY_DRV_DDIST']/100) *costPerMile)),,,,,,,,,,,,,,,,,coef_ivt,,,,
util_DRIVE_HVY_Ratio_of_drive_access_distance_to_OD_distance,DRIVE_HVY - Ratio of drive access distance to OD distance,@dacc_ratio * (odt_skims['DRV_HVY_WLK_DDIST']/100) / od_skims['DIST'],,,,,,,,,,,,,,,,,1,,,,
util_DRIVE_HVY_Destination_zone_densityIndex,DRIVE_HVY - Destination zone densityIndex,@density_index_multiplier * df.dest_density_index,,,,,,,,,,,,,,,,,coef_ivt,,,,
util_DRIVE_HVY_Topology,DRIVE_HVY - Topology,@coef_topology_trn_multiplier * df.dest_topology,,,,,,,,,,,,,,,,,coef_ivt,,,,
util_DRIVE_HVY_Person_is_less_than_10_years_old,DRIVE_HVY - Person is less than 10 years old,@(df.age < 10),,,,,,,,,,,,,,,,,coef_age010_trn_multiplier,,,,
#,Drive to Commuter Rail,,,,,,,,,,,,,,,,,,,,,,
util_DRIVE_COM_Unavailable,DRIVE_COM - Unavailable,drive_commuter_available == False,,,,,,,,,,,,,,,,,,-999,,,
util_DRIVE_COM_Unavailable_for_zero_auto_households,DRIVE_COM - Unavailable for zero auto households,auto_ownership == 0,,,,,,,,,,,,,,,,,,-999,,,
util_DRIVE_COM_Unavailable_for_persons_less_than_16,DRIVE_COM - Unavailable for persons less than 16,age < 16,,,,,,,,,,,,,,,,,,-999,,,
util_DRIVE_COM_In_vehicle_time,DRIVE_COM - In-vehicle time,@(odt_skims['DRV_COM_WLK_TOTIVT']/100 + dot_skims['WLK_COM_DRV_TOTIVT']/100),,,,,,,,,,,,,,,,,,coef_ivt,,,
util_DRIVE_COM_In_vehicle_time_on_commuter_rail,DRIVE_COM - In-vehicle time on commuter rail (incremental w/ ivt),@(ivt_com_multiplier - 1) * (odt_skims['DRV_COM_WLK_KEYIVT']/100 + dot_skims['WLK_COM_DRV_KEYIVT']/100),,,,,,,,,,,,,,,,,,coef_ivt,,,
util_DRIVE_COM_Short_iwait_time,DRIVE_COM - Short iwait time,@short_i_wait_multiplier * ((odt_skims['DRV_COM_WLK_IWAIT']/100).clip(upper=waitThresh) + (dot_skims['WLK_COM_DRV_IWAIT']/100).clip(upper=waitThresh)),,,,,,,,,,,,,,,,,,coef_ivt,,,
util_DRIVE_COM_Long_iwait_time,DRIVE_COM - Long iwait time,@long_i_wait_multiplier * ((odt_skims['DRV_COM_WLK_IWAIT']/100-waitThresh).clip(0) + (dot_skims['WLK_COM_DRV_IWAIT']/100-waitThresh).clip(0)),,,,,,,,,,,,,,,,,,coef_ivt,,,
util_DRIVE_COM_transfer_wait_time,DRIVE_COM - transfer wait time,@xwait_multiplier * (odt_skims['DRV_COM_WLK_XWAIT']/100 + dot_skims['WLK_COM_DRV_XWAIT']/100),,,,,,,,,,,,,,,,,,coef_ivt,,,
util_DRIVE_COM_number_of_transfers,DRIVE_COM - number of transfers,@xfers_drv_multiplier * ((odt_skims['DRV_COM_WLK_BOARDS']-1).clip(0) + (dot_skims['WLK_COM_DRV_BOARDS']-1).clip(0)),,,,,,,,,,,,,,,,,,coef_ivt,,,
util_DRIVE_COM_Drive_time,DRIVE_COM - Drive time,@dtim_multiplier * (odt_skims['DRV_COM_WLK_DTIM']/100 + dot_skims['WLK_COM_DRV_DTIM']/100),,,,,,,,,,,,,,,,,,coef_ivt,,,
util_DRIVE_COM_Walk_access_time,DRIVE_COM - Walk access time (at attraction end),@wacc_multiplier * df.destination_walk_time,,,,,,,,,,,,,,,,,,coef_ivt,,,
util_DRIVE_COM_Walk_egress_time,DRIVE_COM - Walk egress time (at attraction end),@wegr_multiplier * df.destination_walk_time,,,,,,,,,,,,,,,,,,coef_ivt,,,
util_DRIVE_COM_Walk_other_time,DRIVE_COM - Walk other time,@waux_multiplier * (odt_skims['DRV_COM_WLK_WAUX']/100 + dot_skims['WLK_COM_DRV_WAUX']/100),,,,,,,,,,,,,,,,,,coef_ivt,,,
util_DRIVE_COM_Fare_and_operating_cost,DRIVE_COM - Fare and operating cost,@ivt_cost_multiplier * df.ivot * ((odt_skims['DRV_COM_WLK_FAR']+dot_skims['WLK_COM_DRV_FAR']) + ((odt_skims['DRV_COM_WLK_DDIST']/100+dot_skims['WLK_COM_DRV_DDIST']/100) *costPerMile)),,,,,,,,,,,,,,,,,,coef_ivt,,,
util_DRIVE_COM_Ratio_of_drive_access_distance_to_OD_distance,DRIVE_COM - Ratio of drive access distance to OD distance,@dacc_ratio * ((odt_skims['DRV_COM_WLK_DDIST']/100 + dot_skims['WLK_COM_DRV_DDIST']/100)/ (od_skims['DIST']*2)),,,,,,,,,,,,,,,,,,1,,,
util_DRIVE_COM_Destination_zone_densityIndex,DRIVE_COM - Destination zone densityIndex,@density_index_multiplier * df.dest_density_index,,,,,,,,,,,,,,,,,,coef_ivt,,,
util_DRIVE_COM_Topology,DRIVE_COM - Topology,@coef_topology_trn_multiplier * df.dest_topology,,,,,,,,,,,,,,,,,,coef_ivt,,,
util_DRIVE_COM_Person_is_less_than_10_years_old,DRIVE_COM - Person is less than 10 years old,@(df.age < 10),,,,,,,,,,,,,,,,,,coef_age010_trn_multiplier,,,
#,Taxi,,,,,,,,,,,,,,,,,,,,,,
util_Taxi_In_vehicle_time,Taxi - In-vehicle time,@(odt_skims['HOV2TOLL_TIME'] + dot_skims['HOV2TOLL_TIME']),,,,,,,,,,,,,,,,,,,coef_ivt,,
#, FIXME magic constant 1.5,,,,,,,,,,,,,,,,,,,,,,
util_Taxi_Wait_time,Taxi - Wait time,@1.5 * df.totalWaitTaxi,,,,,,,,,,,,,,,,,,,coef_ivt,,
util_Taxi_Tolls,Taxi - Tolls,@ivt_cost_multiplier * df.ivot * (odt_skims['HOV2TOLL_VTOLL'] + dot_skims['HOV2TOLL_VTOLL']),,,,,,,,,,,,,,,,,,,coef_ivt,,
util_Taxi_Bridge_toll,Taxi - Bridge toll,@ivt_cost_multiplier * df.ivot * (odt_skims['HOV2TOLL_BTOLL'] + dot_skims['HOV2TOLL_BTOLL']),,,,,,,,,,,,,,,,,,,coef_ivt,,
util_Taxi_Fare,Taxi - Fare,@ivt_cost_multiplier * df.ivot * (Taxi_baseFare * 2 + (odt_skims['HOV2TOLL_DIST'] + dot_skims['HOV2TOLL_DIST']) * Taxi_costPerMile +(odt_skims['HOV2TOLL_TIME'] + dot_skims['HOV2TOLL_TIME']) * Taxi_costPerMinute)*100,,,,,,,,,,,,,,,,,,,coef_ivt,,
#,TNC Single,,,,,,,,,,,,,,,,,,,,,,
util_TNC_Single_In_vehicle_time,TNC Single - In-vehicle time,@(odt_skims['HOV2TOLL_TIME'] + dot_skims['HOV2TOLL_TIME']),,,,,,,,,,,,,,,,,,,,coef_ivt,
util_TNC_Single_Wait_time,TNC Single - Wait time,@1.5 * df.totalWaitSingleTNC,,,,,,,,,,,,,,,,,,,,coef_ivt,
util_TNC_Single_Tolls,TNC Single - Tolls,@ivt_cost_multiplier * df.ivot * (odt_skims['HOV2TOLL_VTOLL'] + dot_skims['HOV2TOLL_VTOLL']),,,,,,,,,,,,,,,,,,,,coef_ivt,
util_TNC_Single_Bridge_toll,TNC Single - Bridge toll,@ivt_cost_multiplier * df.ivot * (odt_skims['HOV2TOLL_BTOLL'] + odr_skims['HOV2TOLL_BTOLL'] + dot_skims['HOV2TOLL_BTOLL'] + dor_skims['HOV2TOLL_BTOLL']),,,,,,,,,,,,,,,,,,,,coef_ivt,
util_TNC_Single_Cost,TNC Single - Cost,"@ivt_cost_multiplier * df.ivot * np.maximum(TNC_single_baseFare * 2 + (odt_skims['HOV2TOLL_DIST'] + dot_skims['HOV2TOLL_DIST']) * TNC_single_costPerMile + (odt_skims['HOV2TOLL_TIME'] + dot_skims['HOV2TOLL_TIME']) * TNC_single_costPerMinute, TNC_single_costMinimum) * 100",,,,,,,,,,,,,,,,,,,,coef_ivt,
#,TNC Shared,,,,,,,,,,,,,,,,,,,,,,
util_TNC_Shared_In_vehicle_time,TNC Shared - In-vehicle time,@(odt_skims['HOV2TOLL_TIME'] + dot_skims['HOV2TOLL_TIME']) * TNC_shared_IVTFactor,,,,,,,,,,,,,,,,,,,,,coef_ivt
#, FIXME magic constant 1.5,,,,,,,,,,,,,,,,,,,,,,
util_TNC_Shared_Wait_time,TNC Shared - Wait time,@1.5 * df.totalWaitSharedTNC,,,,,,,,,,,,,,,,,,,,,coef_ivt
util_TNC_Shared_Tolls,TNC Shared - Tolls,@ivt_cost_multiplier * df.ivot * (odt_skims['HOV2TOLL_VTOLL'] + dot_skims['HOV2TOLL_VTOLL']),,,,,,,,,,,,,,,,,,,,,coef_ivt
util_TNC_Shared_Bridge_toll,TNC Shared - Bridge toll,@ivt_cost_multiplier * df.ivot * (odt_skims['HOV2TOLL_BTOLL'] + odr_skims['HOV2TOLL_BTOLL'] + dot_skims['HOV2TOLL_BTOLL'] + dor_skims['HOV2TOLL_BTOLL']),,,,,,,,,,,,,,,,,,,,,coef_ivt
util_TNC_Shared_Cost,TNC Shared - Cost,"@ivt_cost_multiplier * df.ivot * np.maximum(TNC_shared_baseFare * 2 + (odt_skims['HOV2TOLL_DIST'] + dot_skims['HOV2TOLL_DIST']) * TNC_shared_costPerMile + (odt_skims['HOV2TOLL_TIME'] + dot_skims['HOV2TOLL_TIME']) * TNC_shared_costPerMinute, TNC_shared_costMinimum) * 100",,,,,,,,,,,,,,,,,,,,,coef_ivt
#,indiv tour ASCs,,,,,,,,,,,,,,,,,,,,,,
util_Walk_ASC_Zero_auto,Walk ASC - Zero auto,@(df.is_indiv & (df.auto_ownership == 0)),,,,,,,walk_ASC_no_auto,,,,,,,,,,,,,,
util_Walk_ASC_Auto_deficient,Walk ASC - Auto deficient,@(df.is_indiv & (df.auto_ownership < df.num_workers) & (df.auto_ownership > 0)),,,,,,,walk_ASC_auto_deficient,,,,,,,,,,,,,,
util_Walk_ASC_Auto_sufficient,Walk ASC - Auto sufficient,@(df.is_indiv & (df.auto_ownership >= df.num_workers)),,,,,,,walk_ASC_auto_sufficient,,,,,,,,,,,,,,
util_Bike_ASC_Zero_auto,Bike ASC - Zero auto,@(df.is_indiv & (df.auto_ownership == 0)),,,,,,,,bike_ASC_no_auto,,,,,,,,,,,,,
util_Bike_ASC_Auto_deficient,Bike ASC - Auto deficient,@(df.is_indiv & (df.auto_ownership < df.num_workers) & (df.auto_ownership > 0)),,,,,,,,bike_ASC_auto_deficient,,,,,,,,,,,,,
util_Bike_ASC_Auto_sufficient,Bike ASC - Auto sufficient,@(df.is_indiv & (df.auto_ownership >= df.num_workers)),,,,,,,,bike_ASC_auto_sufficient,,,,,,,,,,,,,
util_Shared_ride_2_ASC_Zero_auto,Shared ride 2 ASC - Zero auto,@(df.is_indiv & (df.auto_ownership == 0)),,,sr2_ASC_no_auto,sr2_ASC_no_auto,,,,,,,,,,,,,,,,,
util_Shared_ride_2_ASC_Auto_deficient,Shared ride 2 ASC - Auto deficient,@(df.is_indiv & (df.auto_ownership < df.num_workers) & (df.auto_ownership > 0)),,,sr2_ASC_auto_deficient,sr2_ASC_auto_deficient,,,,,,,,,,,,,,,,,
util_Shared_ride_2_ASC_Auto_sufficient,Shared ride 2 ASC - Auto sufficient,@(df.is_indiv & (df.auto_ownership >= df.num_workers)),,,sr2_ASC_auto_sufficient,sr2_ASC_auto_sufficient,,,,,,,,,,,,,,,,,
util_Shared_ride_3p_Zero_auto,Shared ride 3+ - Zero auto,@(df.is_indiv & (df.auto_ownership == 0)),,,,,sr3p_ASC_no_auto,sr3p_ASC_no_auto,,,,,,,,,,,,,,,
util_Shared_ride_3p_Auto_deficient,Shared ride 3+ - Auto deficient,@(df.is_indiv & (df.auto_ownership < df.num_workers) & (df.auto_ownership > 0)),,,,,sr3p_ASC_auto_deficient,sr3p_ASC_auto_deficient,,,,,,,,,,,,,,,
util_Shared_ride_3p_Auto_sufficient,Shared ride 3+ - Auto sufficient,@(df.is_indiv & (df.auto_ownership >= df.num_workers)),,,,,sr3p_ASC_auto_sufficient,sr3p_ASC_auto_sufficient,,,,,,,,,,,,,,,
util_Walk_to_Transit_Zero_auto,Walk to Transit - Zero auto,@(df.is_indiv & (df.auto_ownership == 0)),,,,,,,,,walk_transit_ASC_no_auto,walk_transit_ASC_no_auto,walk_transit_ASC_no_auto,walk_transit_ASC_no_auto,walk_transit_ASC_no_auto,,,,,,,,
util_Walk_to_Transit_Auto_deficient,Walk to Transit - Auto deficient,@(df.is_indiv & (df.auto_ownership < df.num_workers) & (df.auto_ownership > 0)),,,,,,,,,walk_transit_ASC_auto_deficient,walk_transit_ASC_auto_deficient,walk_transit_ASC_auto_deficient,walk_transit_ASC_auto_deficient,walk_transit_ASC_auto_deficient,,,,,,,,
util_Walk_to_Transit_Auto_sufficient,Walk to Transit - Auto sufficient,@(df.is_indiv & (df.auto_ownership >= df.num_workers)),,,,,,,,,walk_transit_ASC_auto_sufficient,walk_transit_ASC_auto_sufficient,walk_transit_ASC_auto_sufficient,walk_transit_ASC_auto_sufficient,walk_transit_ASC_auto_sufficient,,,,,,,,
util_Drive_to_Transit_Zero_auto,Drive to Transit - Zero auto,@(df.is_indiv & (df.auto_ownership == 0)),,,,,,,,,,,,,,drive_transit_ASC_no_auto,drive_transit_ASC_no_auto,drive_transit_ASC_no_auto,drive_transit_ASC_no_auto,drive_transit_ASC_no_auto,,,
util_Drive_to_Transit_Auto_deficient,Drive to Transit - Auto deficient,@(df.is_indiv & (df.auto_ownership < df.num_workers) & (df.auto_ownership > 0)),,,,,,,,,,,,,,drive_transit_ASC_auto_deficient,drive_transit_ASC_auto_deficient,drive_transit_ASC_auto_deficient,drive_transit_ASC_auto_deficient,drive_transit_ASC_auto_deficient,,,
util_Drive_to_Transit_Auto_sufficient,Drive to Transit - Auto sufficient,@(df.is_indiv & (df.auto_ownership >= df.num_workers)),,,,,,,,,,,,,,drive_transit_ASC_auto_sufficient,drive_transit_ASC_auto_sufficient,drive_transit_ASC_auto_sufficient,drive_transit_ASC_auto_sufficient,drive_transit_ASC_auto_sufficient,,,
util_Taxi_Zero_auto,Taxi - Zero auto,@(df.is_indiv & (df.auto_ownership == 0)),,,,,,,,,,,,,,,,,,,taxi_ASC_no_auto,,
util_Taxi_Auto_deficient,Taxi - Auto deficient,@(df.is_indiv & (df.auto_ownership < df.num_workers) & (df.auto_ownership > 0)),,,,,,,,,,,,,,,,,,,taxi_ASC_auto_deficient,,
util_Taxi_Auto_sufficient,Taxi - Auto sufficient,@(df.is_indiv & (df.auto_ownership >= df.num_workers)),,,,,,,,,,,,,,,,,,,taxi_ASC_auto_sufficient,,
util_TNC_Single_Zero_auto,TNC Single - Zero auto,@(df.is_indiv & (df.auto_ownership == 0)),,,,,,,,,,,,,,,,,,,,tnc_single_ASC_no_auto,
util_TNC_Single_Auto_deficient,TNC Single - Auto deficient,@(df.is_indiv & (df.auto_ownership < df.num_workers) & (df.auto_ownership > 0)),,,,,,,,,,,,,,,,,,,,tnc_single_ASC_auto_deficient,
util_TNC_Single_Auto_sufficient,TNC Single - Auto sufficient,@(df.is_indiv & (df.auto_ownership >= df.num_workers)),,,,,,,,,,,,,,,,,,,,tnc_single_ASC_auto_sufficient,
util_TNC_Shared_Zero_auto,TNC Shared - Zero auto,@(df.is_indiv & (df.auto_ownership == 0)),,,,,,,,,,,,,,,,,,,,,tnc_shared_ASC_no_auto
util_TNC_Shared_Auto_deficient,TNC Shared - Auto deficient,@(df.is_indiv & (df.auto_ownership < df.num_workers) & (df.auto_ownership > 0)),,,,,,,,,,,,,,,,,,,,,tnc_shared_ASC_auto_deficient
util_TNC_Shared_Auto_sufficient,TNC Shared - Auto sufficient,@(df.is_indiv & (df.auto_ownership >= df.num_workers)),,,,,,,,,,,,,,,,,,,,,tnc_shared_ASC_auto_sufficient
#,joint tour ASCs,,,,,,,,,,,,,,,,,,,,,,
util_Joint_Walk_ASC_Zero_auto,Joint - Walk ASC - Zero auto,@(df.is_joint & (df.auto_ownership == 0)),,,,,,,joint_walk_ASC_no_auto,,,,,,,,,,,,,,
util_Joint_Walk_ASC_Auto_deficient,Joint - Walk ASC - Auto deficient,@(df.is_joint & (df.auto_ownership < df.num_workers) & (df.auto_ownership > 0)),,,,,,,joint_walk_ASC_auto_deficient,,,,,,,,,,,,,,
util_Joint_Walk_ASC_Auto_sufficient,Joint - Walk ASC - Auto sufficient,@(df.is_joint & (df.auto_ownership >= df.num_workers)),,,,,,,joint_walk_ASC_auto_sufficient,,,,,,,,,,,,,,
util_Joint_Bike_ASC_Zero_auto,Joint - Bike ASC - Zero auto,@(df.is_joint & (df.auto_ownership == 0)),,,,,,,,joint_bike_ASC_no_auto,,,,,,,,,,,,,
util_Joint_Bike_ASC_Auto_deficient,Joint - Bike ASC - Auto deficient,@(df.is_joint & (df.auto_ownership < df.num_workers) & (df.auto_ownership > 0)),,,,,,,,joint_bike_ASC_auto_deficient,,,,,,,,,,,,,
util_Joint_Bike_ASC_Auto_sufficient,Joint - Bike ASC - Auto sufficient,@(df.is_joint & (df.auto_ownership >= df.num_workers)),,,,,,,,joint_bike_ASC_auto_sufficient,,,,,,,,,,,,,
util_Joint_Shared_ride_2_ASC_Zero_auto,Joint - Shared ride 2 ASC - Zero auto,@(df.is_joint & (df.auto_ownership == 0)),,,joint_sr2_ASC_no_auto,joint_sr2_ASC_no_auto,,,,,,,,,,,,,,,,,
util_Joint_Shared_ride_2_ASC_Auto_deficient,Joint - Shared ride 2 ASC - Auto deficient,@(df.is_joint & (df.auto_ownership < df.num_workers) & (df.auto_ownership > 0)),,,joint_sr2_ASC_auto_deficient,joint_sr2_ASC_auto_deficient,,,,,,,,,,,,,,,,,
util_Joint_Shared_ride_2_ASC_Auto_sufficient,Joint - Shared ride 2 ASC - Auto sufficient,@(df.is_joint & (df.auto_ownership >= df.num_workers)),,,joint_sr2_ASC_auto_sufficient,joint_sr2_ASC_auto_sufficient,,,,,,,,,,,,,,,,,
util_Joint_Shared_ride_3p_Zero_auto,Joint - Shared ride 3+ - Zero auto,@(df.is_joint & (df.auto_ownership == 0)),,,,,joint_sr3p_ASC_no_auto,joint_sr3p_ASC_no_auto,,,,,,,,,,,,,,,
util_Joint_Shared_ride_3p_Auto_deficient,Joint - Shared ride 3+ - Auto deficient,@(df.is_joint & (df.auto_ownership < df.num_workers) & (df.auto_ownership > 0)),,,,,joint_sr3p_ASC_auto_deficient,joint_sr3p_ASC_auto_deficient,,,,,,,,,,,,,,,
util_Joint_Shared_ride_3p_Auto_sufficient,Joint - Shared ride 3+ - Auto sufficient,@(df.is_joint & (df.auto_ownership >= df.num_workers)),,,,,joint_sr3p_ASC_auto_sufficient,joint_sr3p_ASC_auto_sufficient,,,,,,,,,,,,,,,
util_Joint_Walk_to_Transit_Zero_auto,Joint - Walk to Transit - Zero auto,@(df.is_joint & (df.auto_ownership == 0)),,,,,,,,,joint_walk_transit_ASC_no_auto,joint_walk_transit_ASC_no_auto,joint_walk_transit_ASC_no_auto,joint_walk_transit_ASC_no_auto,joint_walk_transit_ASC_no_auto,,,,,,,,
util_Joint_Walk_to_Transit_Auto_deficient,Joint - Walk to Transit - Auto deficient,@(df.is_joint & (df.auto_ownership < df.num_workers) & (df.auto_ownership > 0)),,,,,,,,,joint_walk_transit_ASC_auto_deficient,joint_walk_transit_ASC_auto_deficient,joint_walk_transit_ASC_auto_deficient,joint_walk_transit_ASC_auto_deficient,joint_walk_transit_ASC_auto_deficient,,,,,,,,
util_Joint_Walk_to_Transit_Auto_sufficient,Joint - Walk to Transit - Auto sufficient,@(df.is_joint & (df.auto_ownership >= df.num_workers)),,,,,,,,,joint_walk_transit_ASC_auto_sufficient,joint_walk_transit_ASC_auto_sufficient,joint_walk_transit_ASC_auto_sufficient,joint_walk_transit_ASC_auto_sufficient,joint_walk_transit_ASC_auto_sufficient,,,,,,,,
util_Joint_Drive_to_Transit_Zero_auto,Joint - Drive to Transit - Zero auto,@(df.is_joint & (df.auto_ownership == 0)),,,,,,,,,,,,,,joint_drive_transit_ASC_no_auto,joint_drive_transit_ASC_no_auto,joint_drive_transit_ASC_no_auto,joint_drive_transit_ASC_no_auto,joint_drive_transit_ASC_no_auto,,,
util_Joint_Drive_to_Transit_Auto_deficient,Joint - Drive to Transit - Auto deficient,@(df.is_joint & (df.auto_ownership < df.num_workers) & (df.auto_ownership > 0)),,,,,,,,,,,,,,joint_drive_transit_ASC_auto_deficient,joint_drive_transit_ASC_auto_deficient,joint_drive_transit_ASC_auto_deficient,joint_drive_transit_ASC_auto_deficient,joint_drive_transit_ASC_auto_deficient,,,
util_Joint_Drive_to_Transit_Auto_sufficient,Joint - Drive to Transit - Auto sufficient,@(df.is_joint & (df.auto_ownership >= df.num_workers)),,,,,,,,,,,,,,joint_drive_transit_ASC_auto_sufficient,joint_drive_transit_ASC_auto_sufficient,joint_drive_transit_ASC_auto_sufficient,joint_drive_transit_ASC_auto_sufficient,joint_drive_transit_ASC_auto_sufficient,,,
util_Joint_Taxi_Zero_auto,Joint - Taxi - Zero auto,@(df.is_joint & (df.auto_ownership == 0)),,,,,,,,,,,,,,,,,,,joint_taxi_ASC_no_auto,,
util_Joint_Taxi_Auto_deficient,Joint - Taxi - Auto deficient,@(df.is_joint & (df.auto_ownership < df.num_workers) & (df.auto_ownership > 0)),,,,,,,,,,,,,,,,,,,joint_taxi_ASC_auto_deficient,,
util_Joint_Taxi_Auto_sufficient,Joint - Taxi - Auto sufficient,@(df.is_joint & (df.auto_ownership >= df.num_workers)),,,,,,,,,,,,,,,,,,,joint_taxi_ASC_auto_sufficient,,
util_Joint_TNC_Single_Zero_auto,Joint - TNC Single - Zero auto,@(df.is_joint & (df.auto_ownership == 0)),,,,,,,,,,,,,,,,,,,,joint_tnc_single_ASC_no_auto,
util_Joint_TNC_Single_Auto_deficient,Joint - TNC Single - Auto deficient,@(df.is_joint & (df.auto_ownership < df.num_workers) & (df.auto_ownership > 0)),,,,,,,,,,,,,,,,,,,,joint_tnc_single_ASC_auto_deficient,
util_Joint_TNC_Single_Auto_sufficient,Joint - TNC Single - Auto sufficient,@(df.is_joint & (df.auto_ownership >= df.num_workers)),,,,,,,,,,,,,,,,,,,,joint_tnc_single_ASC_auto_sufficient,
util_Joint_TNC_Shared_Zero_auto,Joint - TNC Shared - Zero auto,@(df.is_joint & (df.auto_ownership == 0)),,,,,,,,,,,,,,,,,,,,,joint_tnc_shared_ASC_no_auto
util_Joint_TNC_Shared_Auto_deficient,Joint - TNC Shared - Auto deficient,@(df.is_joint & (df.auto_ownership < df.num_workers) & (df.auto_ownership > 0)),,,,,,,,,,,,,,,,,,,,,joint_tnc_shared_ASC_auto_deficient
util_Joint_TNC_Shared_Auto_sufficient,Joint - TNC Shared - Auto sufficient,@(df.is_joint & (df.auto_ownership >= df.num_workers)),,,,,,,,,,,,,,,,,,,,,joint_tnc_shared_ASC_auto_sufficient
util_Local_bus_ASC,Local bus ASC,1,,,,,,,,,local_bus_ASC,,,,,local_bus_ASC,,,,,,,
util_Walk_to_Light_Rail_ASC,Walk to Light Rail ASC,@(df.walk_ferry_available == False),,,,,,,,,,walk_light_rail_ASC,,,,,,,,,,,
util_Drive_to_Light_Rail_ASC,Drive to Light Rail ASC,@(df.drive_ferry_available == False),,,,,,,,,,,,,,,drive_light_rail_ASC,,,,,,
util_Walk_to_Ferry_ASC,Walk to Ferry ASC,@df.walk_ferry_available,,,,,,,,,,walk_ferry_ASC,,,,,,,,,,,
util_Drive_to_Ferry_ASC,Drive to Ferry ASC,@df.drive_ferry_available,,,,,,,,,,,,,,,drive_ferry_ASC,,,,,,
util_Express_Bus_ASC,Express Bus ASC,1,,,,,,,,,,,express_bus_ASC,,,,,express_bus_ASC,,,,,
util_Heavy_Rail_ASC,Heavy Rail ASC,1,,,,,,,,,,,,heavy_rail_ASC,,,,,heavy_rail_ASC,,,,
util_Commuter_Rail,Commuter Rail,1,,,,,,,,,,,,,commuter_rail_ASC,,,,,commuter_rail_ASC,,,
util_Walk_to_Transit_dest_CBD,Walk to Transit dest CBD,@df.destination_in_cbd,,,,,,,,,walk_transit_CBD_ASC,walk_transit_CBD_ASC,walk_transit_CBD_ASC,walk_transit_CBD_ASC,walk_transit_CBD_ASC,,,,,,,,
util_Drive_to_Transit_dest_CBD,Drive to Transit dest CBD,@df.destination_in_cbd,,,,,,,,,,,,,,drive_transit_CBD_ASC,drive_transit_CBD_ASC,drive_transit_CBD_ASC,drive_transit_CBD_ASC,drive_transit_CBD_ASC,,,
util_Drive_to_Transit_distance_penalty,Drive to Transit - distance penalty,@drvtrn_distpen_0_multiplier * (1-od_skims['DIST']/drvtrn_distpen_max).clip(lower=0),,,,,,,,,,,,,,coef_ivt,coef_ivt,coef_ivt,coef_ivt,coef_ivt,,,
#, FIXME - skims aren't symmetrical,so we have to make sure they can get back,,,,,,,,,,,,,,,,,,,,,
util_Walk_not_available_for_long_distances,Walk not available for long distances,@od_skims.max('DISTWALK') > 3,,,,,,,-999,,,,,,,,,,,,,,
util_Bike_not_available_for_long_distances,Bike not available for long distances,@od_skims.max('DISTBIKE') > 8,,,,,,,,-999,,,,,,,,,,,,,
util_Drive_alone_not_available_for_escort_tours,Drive alone not available for escort tours,is_escort,-999,-999,,,,,,,,,,,,,,,,,,,
#, max(c_densityIndexOrigin*originDensityIndex,originDensityIndexMax),,,,,,,,,1,1,1,1,1,1,1,,,,,,
